,fiscal_year,emissions,ticker,total_revenue,company_name,out_shares,average_price,last_price
0,2013,28626.715004277,RENT3,3506.235,Localiza Rent a Car S.A.,687917088.0,10.117982991280094,10.034769058227539
1,2014,32744.762002053,RENT3,3892.216,Localiza Rent a Car S.A.,688942969.0,10.532696462446644,10.736205101013184
2,2015,22702.0786552883,RENT3,3928.095,Localiza Rent a Car S.A.,688468452.0,9.135224303578942,7.504157066345215
3,2016,25105.935384766002,RENT3,4439.273,Localiza Rent a Car S.A.,688867905.0,10.180512926185944,10.346181869506836
4,2017,39931.237248264704,RENT3,6058.279,Localiza Rent a Car S.A.,693199612.0,15.682603456842617,21.009523391723633
5,2018,17051.05079031015,RENT3,7626.654,Localiza Rent a Car S.A.,694976296.0,24.17706461536641,28.333332061767578
6,2019,19539.624119494958,RENT3,10195.637,Localiza Rent a Car S.A.,755566939.0,37.59032716635268,47.40999984741211
7,2016,747.4083848235781,GPIV33,114.843,"GP Investments, Ltd.",109089896.0,7.088056687884003,6.960000038146973
8,2017,253.67036021664399,GPIV33,148.821,"GP Investments, Ltd.",109745820.0,6.504541835936892,5.769999980926514
9,2018,160.004094385642,GPIV33,-106.821,"GP Investments, Ltd.",109636216.0,5.3095338667853405,4.619999885559082
10,2019,412.9074679424949,GPIV33,181.69,"GP Investments, Ltd.",109745820.0,5.196393444889882,6.289999961853027
11,2013,18665.9084425922,LAME4,13401.172,Lojas Americanas S.A.,1419851258.0,10.898606860807156,10.450881958007812
12,2014,75339.9124000015,LAME4,16145.669,Lojas Americanas S.A.,1421333629.0,11.569833282501467,14.317643165588379
13,2015,77203.1797999356,LAME4,17926.155,Lojas Americanas S.A.,1411656327.0,14.080277787960641,16.111499786376953
14,2016,58691.9662000426,LAME4,18103.512,Lojas Americanas S.A.,1426411690.0,17.085528124767134,16.94198989868164
15,2017,44348.1866438016,LAME4,16345.589,Lojas Americanas S.A.,1595091841.666666,16.38103677719597,16.991819381713867
16,2018,35350.681178066705,LAME4,17689.862,Lojas Americanas S.A.,1598353245.0,17.274402992092835,19.632776260375977
17,2019,43203.1839812224,LAME4,18956.331,Lojas Americanas S.A.,1603077245.0,18.702625270797174,25.90999984741211
18,2013,566170.8007499729,CPLE6,9180.214,Companhia Paranaense de Energia - COPEL,273655375.0,3.118528227652273,3.052999973297119
19,2014,658037.952149999,CPLE6,13995.506,Companhia Paranaense de Energia - COPEL,273655375.0,3.278463707816216,3.627000093460083
20,2015,661515.402249983,CPLE6,14945.844,Companhia Paranaense de Energia - COPEL,273655375.0,3.2490975633869326,2.430000066757202
21,2016,594687.226049913,CPLE6,13101.753,Companhia Paranaense de Energia - COPEL,273655375.0,2.881309230643583,2.7360000610351562
22,2017,533773.181899999,CPLE6,14024.573,Companhia Paranaense de Energia - COPEL,2736553750.0,2.8204645669366433,2.494999885559082
23,2018,395450.203900009,CPLE6,14934.78,Companhia Paranaense de Energia - COPEL,2736553750.0,2.4542734730000397,3.055000066757202
24,2019,245684.24260003,CPLE6,15869.245,Companhia Paranaense de Energia - COPEL,2739827040.0,4.673858297981232,6.9070000648498535
25,2013,11894289.238185946,CSNA3,17312.432,Companhia Siderúrgica Nacional,1457970108.0,9.40612901795295,14.380000114440918
26,2014,11254210.560936324,CSNA3,16126.232,Companhia Siderúrgica Nacional,1380732747.0,9.528629051100824,5.650000095367432
27,2015,7573037.999566365,CSNA3,15261.697,Companhia Siderúrgica Nacional,1357133047.0,5.202886181149056,4.0
28,2016,11329720.93666414,CSNA3,17148.949,Companhia Siderúrgica Nacional,1357130000.0,8.672570278366885,10.850000381469727
29,2017,12385783.842546683,CSNA3,18524.601,Companhia Siderúrgica Nacional,1357133047.0,8.923464553562676,8.380000114440918
30,2018,13360428.828860186,CSNA3,22968.885,Companhia Siderúrgica Nacional,1380114547.0,9.079959184296277,8.84000015258789
31,2019,10147262.323,CSNA3,25436.417,Companhia Siderúrgica Nacional,1380114547.0,14.011740904587965,14.109999656677246
32,2013,11531601.83099995,BRKM5,40969.49,Braskem S.A.,795813681.0,16.89544347024733,21.0
33,2014,11406441.583399959,BRKM5,46031.389,Braskem S.A.,795813681.0,16.529838754284768,17.5
34,2015,10095325.68500008,BRKM5,46879.989,Braskem S.A.,795733681.0,15.787886169867788,27.6200008392334
35,2016,10227484.035300003,BRKM5,47663.988,Braskem S.A.,795733681.0,24.158514076447393,34.25
36,2017,11255271.732919479,BRKM5,49260.594,Braskem S.A.,795733681.0,37.903779578021194,42.869998931884766
37,2018,11016841.870899983,BRKM5,57999.866,Braskem S.A.,795733681.0,50.52689808436802,47.380001068115234
38,2019,10649229.9508,BRKM5,52323.525,Braskem S.A.,795741840.0,38.528380482785614,29.850000381469727
39,2015,1707477.8349004856,VIVT3,40286.815,Telefônica Brasil S.A.,1688694025.0,36.75829269440194,33.9900016784668
40,2016,1699778.4698503793,VIVT3,42508.459,Telefônica Brasil S.A.,1688694025.0,35.81092374104573,36.400001525878906
41,2017,158418.098599983,VIVT3,43206.832,Telefônica Brasil S.A.,1688693759.0,38.86681104645016,41.20000076293945
42,2018,101785.00469995881,VIVT3,43462.74,Telefônica Brasil S.A.,1688693776.0,40.923918494399715,41.290000915527344
43,2019,212015.0181999429,VIVT3,44268.171,Telefônica Brasil S.A.,1688693776.0,43.736680142792615,49.040000915527344
44,2013,10072358.20508966,GGBR4,39863.037,Gerdau S.A.,1700868701.0,16.013157856126547,18.34000015258789
45,2014,9290626.68145174,GGBR4,42546.339,Gerdau S.A.,1704469010.0,13.312620985892512,9.579999923706055
46,2015,7233912.49581014,GGBR4,43581.241,Gerdau S.A.,1686458510.0,7.70447152029208,4.650000095367432
47,2016,6745011.03210246,GGBR4,37651.667,Gerdau S.A.,1707500678.0,7.676626507058201,10.800000190734863
48,2017,7264100.547554551,GGBR4,36917.619,Gerdau S.A.,1709230779.0,11.186456680297852,12.380000114440918
49,2018,7386003.69023454,GGBR4,46159.478,Gerdau S.A.,1702135609.0,15.695102037702288,14.819999694824219
50,2019,11947505.00339999,GGBR4,39644.01,Gerdau S.A.,1697492009.0,14.701821852309502,20.0
51,2020,11280922.0,GGBR4,43814.661,Gerdau S.A.,1701161432.0,17.88429150986768,24.450000762939453
52,2013,640805.550494322,UGPA3,60940.246,Ultrapar Participações S.A.,1072824880.0,26.700483875889933,27.975000381469727
53,2014,667744.7449424451,UGPA3,67736.298,Ultrapar Participações S.A.,1097333880.0,26.6858871060033,25.604999542236328
54,2015,691993.625076147,UGPA3,75655.274,Ultrapar Participações S.A.,1089019480.0,32.12150400053195,30.225000381469727
55,2016,614422.059729098,UGPA3,77352.955,Ultrapar Participações S.A.,1086167480.0,34.336726858912705,34.224998474121094
56,2017,597488.8860437159,UGPA3,79230.014,Ultrapar Participações S.A.,1086747480.0,36.430177117895894,37.5
57,2018,530582.7231500209,UGPA3,90697.983,Ultrapar Participações S.A.,1086187482.0,27.173938774575994,26.600000381469727
58,2019,497876.0176566054,UGPA3,89297.975,Ultrapar Participações S.A.,1086029894.0,21.79975707714374,25.479999542236328
59,2013,73386754.30739996,PETR4,273589.0,Petróleo Brasileiro S.A. - Petrobras,13044496930.0,18.24677421969752,17.079999923706055
60,2014,81023314.23700026,PETR4,305671.0,Petróleo Brasileiro S.A. - Petrobras,13044496930.0,16.67915323472792,10.029999732971191
61,2015,77788500.89227678,PETR4,301826.0,Petróleo Brasileiro S.A. - Petrobras,13044496930.0,9.798008114341798,6.699999809265137
62,2016,66517145.75887923,PETR4,282589.0,Petróleo Brasileiro S.A. - Petrobras,13044496930.0,10.772610432651627,14.869999885559082
63,2017,67060297.72810595,PETR4,258454.0,Petróleo Brasileiro S.A. - Petrobras,13044496930.0,14.605275608423188,16.100000381469727
64,2018,61810518.99332244,PETR4,310255.0,Petróleo Brasileiro S.A. - Petrobras,13044496930.0,21.00722449944944,22.68000030517578
65,2019,59073095.675000004,PETR4,263827.0,Petróleo Brasileiro S.A. - Petrobras,13044201261.0,27.24898788513925,30.18000030517578
66,2013,765778.210536518,CMIG4,14627.28,Companhia Energética de Minas Gerais,1258304993.0,12.862857676321461,11.699322700500488
67,2014,1476000.401852936,CMIG4,19539.578,Companhia Energética de Minas Gerais,1258280936.0,12.972938241497163,10.972811698913574
68,2015,974291.770500871,CMIG4,21867.842,Companhia Energética de Minas Gerais,1310040637.0,8.76266168966526,5.1189751625061035
69,2016,568413.5627880485,CMIG4,18772.656,Companhia Energética de Minas Gerais,1460664340.0,6.2080869636382445,6.438385009765625
70,2017,713444.3426981228,CMIG4,21711.69,Companhia Energética de Minas Gerais,1460664340.0,7.109918633783896,5.918185234069824
71,2018,553939.4799499591,CMIG4,22266.217,Companhia Energética de Minas Gerais,1692729201.0,7.394997431307423,11.93974494934082
72,2019,650613.0838999469,CMIG4,25486.973,Companhia Energética de Minas Gerais,1692729201.0,12.085180386840573,11.879443168640137
73,2013,259452.2934349911,LIGT3,7422.256,Light S.A.,203934060.0,19.056653215039162,22.1200008392334
74,2014,439320.1820499774,LIGT3,9200.832,Light S.A.,203934060.0,20.09149189918272,17.020000457763672
75,2015,409842.2872501001,LIGT3,10912.673,Light S.A.,203934060.0,14.040813015728462,9.899999618530273
76,2016,269432.9080198371,LIGT3,9645.237,Light S.A.,203934060.0,12.237349435507532,17.360000610351562
77,2017,265549.4269237729,LIGT3,11314.559,Light S.A.,203934060.0,20.188267786671798,16.690000534057617
78,2018,211628.7947000812,LIGT3,11970.547,Light S.A.,203934060.0,14.516244907768405,16.5
79,2019,224674.5776749838,LIGT3,13389.567,Light S.A.,303934060.0,19.811740898410317,23.760000228881836
80,2013,624590.070400029,BRFS3,27787.477,BRF S.A.,870314042.0,49.05931455858292,48.83000183105469
81,2014,702530.9328000289,BRFS3,29006.843,BRF S.A.,867284349.0,53.41060490762034,63.439998626708984
82,2015,683607.044900018,BRFS3,32196.601,BRF S.A.,793998685.0,64.67817052205403,55.400001525878906
83,2016,714646.388150003,BRFS3,33732.9,BRF S.A.,798975726.0,50.802168681439625,48.25
84,2017,747984.177250034,BRFS3,28314.16,BRF S.A.,811139545.0,41.644133800596705,36.599998474121094
85,2018,430396.27929997497,BRFS3,30188.421,BRF S.A.,811339645.0,24.23497959059112,21.93000030517578
86,2019,527404.511524975,BRFS3,33446.98,BRF S.A.,811759800.0,30.966518239936367,35.20000076293945
87,2013,163838.4902999284,EMBR3,13635.846,Embraer S.A.,1210143553.0,18.082661309549884,18.889999389648438
88,2014,143206.8910499649,EMBR3,14935.91,Embraer S.A.,1214030431.0,21.23306453612543,24.440000534057617
89,2015,140108.9004625548,EMBR3,20301.771,Embraer S.A.,1215780710.0,25.023658512084463,30.190000534057617
90,2016,134065.9946937957,EMBR3,21435.696,Embraer S.A.,1213798283.0,19.47152611912494,16.0
91,2017,53673.3459265817,EMBR3,18776.086,Embraer S.A.,1212151718.0,16.810750968842637,20.0
92,2018,42412.494140702984,EMBR3,7888.033,Embraer S.A.,1213623865.0,21.135469358794545,21.68000030517578
93,2019,44798.92425405293,EMBR3,21802.075,Embraer S.A.,735919756.0,18.863967594347503,19.729999542236328
94,2020,34054.652,EMBR3,19641.764,Embraer S.A.,736173106.0,9.94028341818435,8.850000381469727
95,2017,938230.9639000063,RAIL3,5946.349,Rumo S.A.,1559015898.0,9.88693549940663,12.970000267028809
96,2018,959750.8872000213,RAIL3,6584.936,Rumo S.A.,1559015898.0,14.401714278240593,17.0
97,2019,953173.9903999787,RAIL3,7087.84,Rumo S.A.,1559015898.0,21.073522266588714,26.100000381469727
98,2013,75008.4275507452,GFSA3,2481.211,Gafisa S.A.,31518114.0,26.240929742013254,25.289325714111328
99,2014,67883.1126134726,GFSA3,1580.861,Gafisa S.A.,29479030.0,22.52216641364559,15.711666107177734
100,2015,49490.40602973389,GFSA3,1443.357,Gafisa S.A.,27255073.0,16.77337144448505,17.43349266052246
101,2017,14769.63616688853,GFSA3,923.181,Gafisa S.A.,27067815.0,12.774812043182493,18.45635986328125
102,2017,14769.63616688853,GFSA3,786.174,Gafisa S.A.,27067815.0,12.774812043182493,18.45635986328125
103,2018,19983.01699654806,GFSA3,960.891,Gafisa S.A.,45858522.0,11.802798333459972,15.244988441467285
104,2019,7116.158242921169,GFSA3,400.465,Gafisa S.A.,116915232.0,7.280791983430685,8.670000076293945
105,2020,11698.947,GFSA3,884.045,Gafisa S.A.,300334531.0,5.132185249676106,4.349999904632568
106,2013,79572.1814750364,ITUB4,64517.0,Itaú Unibanco Holding S.A.,9899220604.0,15.584697600333921,16.0631103515625
107,2014,107557.74649993249,ITUB4,75856.0,Itaú Unibanco Holding S.A.,9938957258.0,18.382703523482046,19.0633602142334
108,2015,104489.26832498511,ITUB4,70676.0,Itaú Unibanco Holding S.A.,9817647185.0,18.27917706869482,15.957574844360352
109,2017,74807.91239988901,ITUB4,94067.0,Itaú Unibanco Holding S.A.,9694316976.0,26.389081046337218,28.38666534423828
110,2017,74807.91239988901,ITUB4,90557.0,Itaú Unibanco Holding S.A.,9694316976.0,26.389081046337218,28.38666534423828
111,2018,70419.075799953,ITUB4,94018.0,Itaú Unibanco Holding S.A.,9718136677.0,31.584815986789003,35.5
112,2019,57240.0081063089,ITUB4,98512.0,Itaú Unibanco Holding S.A.,9744708787.0,35.37295554620534,37.099998474121094
113,2013,76079.1598500117,BBAS3,61742.838,Banco do Brasil S.A.,3760087960.0,25.029677421815933,24.399999618530273
114,2014,105593.00899995891,BBAS3,48453.411,Banco do Brasil S.A.,3735569468.0,25.49544357484387,23.770000457763672
115,2015,101904.8902999732,BBAS3,50294.54,Banco do Brasil S.A.,3730946892.0,20.9305284895548,14.739999771118164
116,2016,115314.227204921,BBAS3,55873.394,Banco do Brasil S.A.,3723144591.0,20.640441810270868,28.09000015258789
117,2017,67345.9775999868,BBAS3,58105.764,Banco do Brasil S.A.,3723347612.0,31.583700675663987,31.81999969482422
118,2018,66069.2929499641,BBAS3,60334.372,Banco do Brasil S.A.,3723924792.0,35.99848977692273,46.4900016784668
119,2019,67231.0682625133,BBAS3,61745.862,Banco do Brasil S.A.,3725659505.0,49.23145754424184,52.81999969482422
120,2013,6136.722567102585,CESP6,3904.102,CESP - Companhia Energética de São Paulo,327502673.0,21.116249968928674,22.420000076293945
121,2014,6271.801495304153,CESP6,4699.251,CESP - Companhia Energética de São Paulo,327502673.0,26.333346766810262,27.020000457763672
122,2015,4041.930043604965,CESP6,2950.982,CESP - Companhia Energética de São Paulo,327502673.0,19.47434961892725,13.399999618530273
123,2016,4456.801800004767,CESP6,1668.59,CESP - Companhia Energética de São Paulo,327502673.0,13.787630521628751,13.489999771118164
124,2017,1513.480000049097,CESP6,1476.615,CESP - Companhia Energética de São Paulo,327502673.0,15.555866113797887,13.199999809265137
125,2018,1466.7526530337318,CESP6,1634.11,CESP - Companhia Energética de São Paulo,327502673.0,16.730491763255635,21.799999237060547
126,2019,1184.003205469942,CESP6,1571.296,CESP - Companhia Energética de São Paulo,327502673.0,26.770202435945208,31.940000534057617
127,2020,1076.263,CESP6,1917.248,CESP - Companhia Energética de São Paulo,327502673.0,29.166680200862498,28.969999313354492
128,2017,942590.0009874007,SUZB3,10580.673,Suzano S.A.,1099039951.0,18.914324270712363,18.690000534057617
129,2018,1043546.0839000542,SUZB3,13443.376,Suzano S.A.,1093784141.0,37.745346949051836,38.08000183105469
130,2019,2213636.526449934,SUZB3,26012.95,Suzano S.A.,1349221580.0,37.626680181094024,39.68000030517578
131,2013,15466122.337400042,VALE3,101490.0,Vale S.A.,5153374926.0,34.81887100588891,35.709999084472656
132,2014,15907068.18382732,VALE3,82619.0,Vale S.A.,5153375208.0,29.112499990770893,21.90999984741211
133,2015,16280680.634199899,VALE3,78057.0,Vale S.A.,5153374926.0,18.60243907788905,13.029999732971191
134,2016,14801781.37329999,VALE3,94633.0,Vale S.A.,5153374926.0,17.641526076688343,25.68000030517578
135,2017,15163594.548077779,VALE3,108532.0,Vale S.A.,5110399800.0,31.29700777849813,40.2599983215332
136,2018,14293513.3443,VALE3,134483.0,Vale S.A.,5160594363.0,49.95289792430644,51.0
137,2019,12599340.21674998,VALE3,148640.0,Vale S.A.,5128282457.0,49.19769229966137,53.29999923706055
138,2016,98011.0154774601,ALPA4,4054.404,Alpargatas S.A.,578816717.0,7.547726924160877,8.008000373840332
139,2017,102092.53890743891,ALPA4,3721.863,Alpargatas S.A.,578816717.0,11.057007898495891,13.960000038146973
140,2018,92166.0183282206,ALPA4,3380.217,Alpargatas S.A.,578816717.0,11.628179612451671,13.616000175476074
141,2019,80190.3910297903,ALPA4,3279.751,Alpargatas S.A.,578816719.0,21.19029152055501,33.20000076293945
142,2020,55136.347,ALPA4,3364.278,Alpargatas S.A.,578911428.0,33.11704454923931,42.0
143,2018,61749186.66447658,BRDT3,97770.0,Petrobras Distribuidora S.A.,1165000000.0,21.05746181120122,25.700000762939453
144,2019,58499612.013179675,BRDT3,94985.0,Petrobras Distribuidora S.A.,1165000000.0,26.04777329942958,30.06999969482422
145,2013,12138246.5374001,ELET6,23835.644,Centrais Elétricas Brasileiras S.A. - Eletrobrás,1352634100.0,10.394354812560543,9.930000305175781
146,2014,11991089.45209995,ELET6,30137.807,Centrais Elétricas Brasileiras S.A. - Eletrobrás,1352634100.0,9.920887076085613,8.140000343322754
147,2015,10253169.45830006,ELET6,32180.843,Centrais Elétricas Brasileiras S.A. - Eletrobrás,1352634100.0,8.573902436388217,10.4399995803833
148,2016,9063291.849800061,ELET6,31715.45,Centrais Elétricas Brasileiras S.A. - Eletrobrás,1352634100.0,18.371726913145746,25.889999389648438
149,2017,7688643.98240006,ELET6,24518.505,Centrais Elétricas Brasileiras S.A. - Eletrobrás,1352634100.0,21.634133868330107,22.700000762939453
150,2018,6020627.638100049,ELET6,25772.305,Centrais Elétricas Brasileiras S.A. - Eletrobrás,1352634100.0,22.03436737060547,28.170000076293945
151,2019,5886781.402000001,ELET6,29714.264,Centrais Elétricas Brasileiras S.A. - Eletrobrás,1352634100.0,38.17052624968865,38.2400016784668
152,2013,574895.9142250291,ITSA4,5289.0,Itaúsa - Investimentos Itaú SA,8009603935.0,6.032060394364018,6.001063823699951
153,2014,711649.554499964,ITSA4,5021.0,Itaúsa - Investimentos Itaú SA,8123690999.0,6.738196480658747,6.992318153381348
154,2015,601242.965039994,ITSA4,4885.0,Itaúsa - Investimentos Itaú SA,8173867377.0,6.85454336996001,5.64857292175293
155,2016,482496.584300022,ITSA4,4687.0,Itaúsa - Investimentos Itaú SA,8143617486.0,7.001049809666522,7.477791786193848
156,2017,490029.682500066,ITSA4,4969.0,Itaúsa - Investimentos Itaú SA,8220992859.0,9.006563154731209,9.836362838745117
157,2018,363230.911399992,ITSA4,5375.0,Itaúsa - Investimentos Itaú SA,8410697988.0,10.989673299205547,12.079999923706055
158,2019,316368.661090119,ITSA4,5008.0,Itaúsa - Investimentos Itaú SA,8410814930.0,12.755060728744938,14.09000015258789
159,2013,199268.03742503698,OIBR4,28422.147,Oi S.A.,164002793.0,50.30524183088733,35.900001525878906
160,2014,276240.287399986,OIBR4,28247.099,Oi S.A.,842766134.0,22.109153266875975,8.609999656677246
161,2015,250145.7770749841,OIBR4,27353.765,Oi S.A.,667779998.0,4.558821137358502,1.9500000476837158
162,2016,207700.348787495,OIBR4,25996.423,Oi S.A.,675667143.0,1.8722891556211265,2.25
163,2017,239823.7026749532,OIBR4,23789.654,Oi S.A.,675663819.0,3.5320078782209263,3.4700000286102295
164,2018,193295.3802124662,OIBR4,22060.014,Oi S.A.,2418816765.0,2.8417551030918045,1.2599999904632568
165,2019,214227.3786124118,OIBR4,10492.096,Oi S.A.,5952362165.0,1.515101213686862,1.2300000190734863
166,2013,45023.49779564169,BBDC4,47905.107,Banco Bradesco S.A.,9732816065.0,14.774708720945544,13.797820091247559
167,2014,76423.1297999619,BBDC4,57373.804,Banco Bradesco S.A.,9729674565.0,15.854854826004274,16.629480361938477
168,2015,63460.92180005311,BBDC4,51508.873,Banco Bradesco S.A.,9721022898.0,15.159928934360908,10.973749160766602
169,2016,51058.91579993634,BBDC4,80554.61,Banco Bradesco S.A.,9719079567.0,16.165945091400758,18.156774520874023
170,2017,55855.79432502276,BBDC4,73919.842,Banco Bradesco S.A.,9719079569.0,21.421493072209397,23.312671661376953
171,2018,51168.703475015995,BBDC4,71911.018,Banco Bradesco S.A.,9719079570.0,24.65784751736388,29.280302047729492
172,2019,48975.7224687154,BBDC4,84931.869,Banco Bradesco S.A.,9719079572.0,32.114506779412025,32.88181686401367
173,2016,69112.65331341661,MYPK3,6816.454,Iochpe-Maxion S.A.,94477329.0,14.159031860320923,11.457724571228027
174,2017,87209.2230449261,MYPK3,7487.94,Iochpe-Maxion S.A.,139641739.0,17.934987109477127,23.0
175,2018,620789.7086499629,MYPK3,9616.299,Iochpe-Maxion S.A.,149350668.0,23.05364749470695,23.809999465942383
176,2019,641389.725,MYPK3,10016.395,Iochpe-Maxion S.A.,152364512.0,20.534331989674435,23.3799991607666
177,2013,31102.4847130574,POMO4,3659.309,Marcopolo S.A.,894935010.0,6.366660810285999,5.060503959655762
178,2014,28026.2225595818,POMO4,3400.194,Marcopolo S.A.,889804469.0,4.253095787379049,3.2942891120910645
179,2015,15601.52742286304,POMO4,2739.132,Marcopolo S.A.,890976115.0,2.3388996599166374,1.8356729745864868
180,2016,13707.51801520916,POMO4,2574.093,Marcopolo S.A.,920246108.0,2.6428277190909326,2.7260119915008545
181,2017,17136.973119043083,POMO4,2875.993,Marcopolo S.A.,920471625.0,3.2537767999754177,3.9696309566497803
182,2018,21549.54130584726,POMO4,4197.468,Marcopolo S.A.,921218724.0,3.828578200632212,4.079999923706055
183,2019,19687.71766017392,POMO4,4367.419,Marcopolo S.A.,943173576.0,3.7437651804101613,4.5
184,2020,12324.634,POMO4,3589.662,Marcopolo S.A.,939414634.0,3.212672071418299,2.869999885559082
185,2016,344033.6861723549,TUPY3,3255.31,Tupy S.A.,144177500.0,14.28819280264368,12.010000228881836
186,2017,436739.1250758851,TUPY3,3706.151,Tupy S.A.,144177500.0,15.693503924242155,18.25
187,2018,69920.924,TUPY3,4828.216,Tupy S.A.,144177500.0,19.148244865573183,20.149999618530273
188,2019,63299.791,TUPY3,5163.585,Tupy S.A.,144177500.0,18.985748986000957,25.299999237060547
189,2020,39654.152,TUPY3,4257.596,Tupy S.A.,144037809.0,18.7007692584142,20.969999313354492
190,2013,47581446.5011894,GOAU4,39863.037,Metalurgica Gerdau S.A.,406423338.0,20.211975766766457,23.399999618530273
191,2014,44769705.511110075,GOAU4,42546.339,Metalurgica Gerdau S.A.,406423338.0,16.220443556385657,11.149999618530273
192,2015,35283897.91593626,GOAU4,43581.241,Metalurgica Gerdau S.A.,406423338.0,6.458495912513112,1.659999966621399
193,2016,32478258.89554142,GOAU4,37651.667,Metalurgica Gerdau S.A.,908709062.0,2.95228916191193,4.800000190734863
194,2017,36701563.4808643,GOAU4,36917.619,Metalurgica Gerdau S.A.,975759323.0,5.236496045833498,5.789999961853027
195,2018,36745366.397695586,GOAU4,46159.478,Metalurgica Gerdau S.A.,977745794.0,7.365714293110127,6.940000057220459
196,2019,26129960.495668177,GOAU4,39644.01,Metalurgica Gerdau S.A.,1080985004.0,6.964332007203508,9.279999732971191
197,2020,22983146.514,GOAU4,43814.661,Metalurgica Gerdau S.A.,1080985004.0,8.20595139627032,11.260000228881836
198,2018,15027.55817951684,JPSA3,722.606,Jereissati Participações S.A.,87889174.0,21.21703695367884,22.790000915527344
199,2019,13422.420225789228,JPSA3,755.353,Jereissati Participações S.A.,87889174.0,28.197084982868148,37.79999923706055
200,2016,25130.1729522378,LEVE3,2143.308,MAHLE Metal Leve S.A.,182888091.0,23.217550201109614,20.760000228881836
201,2017,26373.15144613717,LEVE3,2264.443,MAHLE Metal Leve S.A.,182888091.0,20.710315013495016,23.8700008392334
202,2018,26529.35896178359,LEVE3,2591.654,MAHLE Metal Leve S.A.,182888091.0,24.973142865239357,25.1200008392334
203,2019,22385.0494355066,LEVE3,2526.238,MAHLE Metal Leve S.A.,182888091.0,24.839959449613627,28.799999237060547
204,2020,15972.920000000002,LEVE3,2402.578,MAHLE Metal Leve S.A.,128308500.0,20.48659917314043,20.969999313354492
205,2016,22694.62545107164,RAPT4,2623.976,Randon S.A. Implementos e Participações,342331000.0,3.4640266105353112,3.450000047683716
206,2017,29351.312457545,RAPT4,2936.758,Randon S.A. Implementos e Participações,342431000.0,5.558779537208437,7.170000076293945
207,2018,37462.1611220185,RAPT4,4262.602,Randon S.A. Implementos e Participações,342431000.0,7.737795911516462,9.260000228881836
208,2019,38684.9672445,RAPT4,5073.901,Randon S.A. Implementos e Participações,342331000.0,9.728663983132675,13.399999618530273
209,2013,3856.63351372613,BRSR6,3994.994,Banco do Estado do Rio Grande do Sul S.A.,408974477.0,15.73201609042383,12.600000381469727
210,2014,4790.02428434246,BRSR6,4215.687,Banco do Estado do Rio Grande do Sul S.A.,408974477.0,12.616129017645314,14.449999809265137
211,2015,3407.4222342246003,BRSR6,4315.041,Banco do Estado do Rio Grande do Sul S.A.,408974477.0,9.20052845109769,5.860000133514404
212,2016,4678.60674121604,BRSR6,5202.19,Banco do Estado do Rio Grande do Sul S.A.,408974477.0,9.124578305516376,10.319999694824219
213,2017,4911.09848406155,BRSR6,5590.173,Banco do Estado do Rio Grande do Sul S.A.,408974477.0,14.86468504732988,14.899999618530273
214,2018,9758.607,BRSR6,6408.233,Banco do Estado do Rio Grande do Sul S.A.,408974477.0,17.438775541344466,22.18000030517578
215,2019,4379.453,BRSR6,7056.156,Banco do Estado do Rio Grande do Sul S.A.,408976886.0,23.11688260993494,21.649999618530273
216,2020,3772.579,BRSR6,6202.818,Banco do Estado do Rio Grande do Sul S.A.,407601386.0,14.443846158170507,14.569999694824219
217,2016,173193.6441384813,UNIP6,889.706,Unipar Carbocloro S.A.,102618540.0,4.748868312222891,5.38214111328125
218,2017,676091.324831613,UNIP6,3019.592,Unipar Carbocloro S.A.,102618361.0,8.197410682993612,12.453568458557129
219,2018,678528.044920498,UNIP6,3469.133,Unipar Carbocloro S.A.,102618361.0,28.643672939222686,31.594276428222656
220,2019,572428.439425346,UNIP6,3048.73,Unipar Carbocloro S.A.,98788898.0,32.27107117533201,35.709999084472656
221,2013,81194.51261807271,GUAR3,4069.09,Guararapes Confecções S.A.,499200000.0,12.357721759426978,13.125
222,2014,97300.5479773573,GUAR3,4728.129,Guararapes Confecções S.A.,499200000.0,12.14260079783778,10.375
223,2015,71545.9256550755,GUAR3,5507.306,Guararapes Confecções S.A.,499200000.0,7.929608752087849,5.75
224,2016,72461.3803941874,GUAR3,5921.65,Guararapes Confecções S.A.,499200000.0,7.237294172187407,7.599999904632568
225,2017,100939.6258993686,GUAR3,6444.659,Guararapes Confecções S.A.,499200000.0,13.669360254693219,18.7549991607666
226,2018,95051.3924359027,GUAR3,7192.596,Guararapes Confecções S.A.,499200000.0,16.19681634319072,20.322500228881836
227,2019,87475.4275569774,GUAR3,7808.044,Guararapes Confecções S.A.,499199680.0,18.82185225158568,24.200000762939453
228,2016,286088.5939326441,PMAM3,4586.455,Paranapanema S.A.,18830712.0,29.327154481267353,25.839792251586914
229,2017,249889.2869955021,PMAM3,3508.46,Paranapanema S.A.,40581114.0,24.658572143978542,27.029783248901367
230,2018,258617.80847463539,PMAM3,4765.777,Paranapanema S.A.,40783256.0,22.930307837783314,23.799808502197266
231,2019,254270.0763986833,PMAM3,5227.641,Paranapanema S.A.,43402408.0,26.33232603961157,29.09000015258789
232,2018,20857.76025505065,ROMI3,743.462,Indústrias Romi S.A.,73334166.0,6.655729377513029,7.225711822509766
233,2019,17153.51744540092,ROMI3,765.506,Indústrias Romi S.A.,73334166.0,10.407237740180753,15.042852401733398
234,2013,17049.84050829176,LREN3,4370.946,Lojas Renner S.A.,1039246658.0,11.381904348250359,10.08264446258545
235,2014,25053.1459999739,LREN3,5216.82,Lojas Renner S.A.,1048319843.0,11.149886242804989,12.639669418334961
236,2015,26984.76319999393,LREN3,6145.198,Lojas Renner S.A.,1052032728.0,15.704366839028955,14.132230758666992
237,2016,19382.163668741552,LREN3,6451.578,Lojas Renner S.A.,777970195.0,18.595970169128663,19.148759841918945
238,2017,23517.29125314045,LREN3,7444.305,Lojas Renner S.A.,782909799.0,26.463700775086412,32.26363754272461
239,2018,16435.18160467593,LREN3,8426.541,Lojas Renner S.A.,787469100.0,30.414210868368343,38.54545211791992
240,2019,16963.7316734423,LREN3,9588.437,Lojas Renner S.A.,793726452.0,45.64881092334083,56.189998626708984
241,2013,96001.8133696082,WEGE3,6828.896,WEG S.A.,3211194604.0,4.1057866321456045,4.609467029571533
242,2014,110866.24506213289,WEGE3,7840.757,WEG S.A.,3211357478.0,5.131721961882807,5.865384101867676
243,2015,120318.3507000187,WEGE3,9760.323,WEG S.A.,3210821621.0,6.375968857509334,5.75
244,2016,129223.252638899,WEGE3,9367.008,WEG S.A.,5308712086.0,5.859344564767247,5.961537837982178
245,2017,158712.1203999405,WEGE3,9523.83,WEG S.A.,5307971190.0,7.4640516408785125,9.273076057434082
246,2018,135426.9821000211,WEGE3,11970.09,WEG S.A.,5308467776.0,8.953508486066546,8.770000457763672
247,2019,130704.61570000881,WEGE3,13347.434,WEG S.A.,4195029952.0,11.175971637370615,17.329999923706055
248,2013,556281.186899956,PCAR3,57854.0,Companhia Brasileira de Distribuição,264220299.0,74.98999786376953,74.98999786376953
249,2014,614615.973800002,PCAR3,65407.0,Companhia Brasileira de Distribuição,265050722.0,74.98999786376953,74.98999786376953
250,2015,505301.09998217504,PCAR3,37198.0,Companhia Brasileira de Distribuição,265469127.0,67.8633321126302,55.29999923706055
251,2016,582487.057200006,PCAR3,41454.0,Companhia Brasileira de Distribuição,266040915.0,45.70750045776367,47.0099983215332
252,2017,648977.231327308,PCAR3,44634.0,Companhia Brasileira de Distribuição,266346430.0,89.49368366442229,84.98999786376953
253,2018,465087.8766000328,PCAR3,49388.0,Companhia Brasileira de Distribuição,266612322.0,87.38692356989934,85.01000213623047
254,2019,696744.8889999465,PCAR3,28838.0,Companhia Brasileira de Distribuição,266797898.0,91.41575738155481,88.87999725341797
255,2013,459838.145567524,VIIA3,21756.0,Via S.A.,659164518.0,6.578611135482788,7.510000228881836
256,2014,600286.928997672,VIIA3,22674.0,Via S.A.,1290750626.0,7.14757893712897,6.800000190734863
257,2015,340803.2541813256,VIIA3,19268.0,Via S.A.,1290885925.0,4.335818181254647,1.5
258,2016,393385.166845075,VIIA3,19819.0,Via S.A.,1291092535.0,2.802831861825116,3.5999999046325684
259,2017,21738.34475627481,VIIA3,25641.0,Via S.A.,1291968418.0,5.4227952619237225,7.929999828338623
260,2018,23649.99627036842,VIIA3,26928.0,Via S.A.,1294207342.0,6.502367333003453,4.389999866485596
261,2019,18631.46916485244,VIIA3,25655.0,Via S.A.,1299353188.0,6.3336032276694105,11.170000076293945
262,2020,296533.61600000004,VIIA3,28901.0,Via S.A.,1597041594.0,14.816518266191366,16.15999984741211
263,2013,2133962.331074996,SBSP3,11315.567,Companhia de Saneamento Básico do Estado de São Paulo - SABESP,683509869.0,25.768830514723255,26.459999084472656
264,2014,2036901.137004541,SBSP3,11213.216,Companhia de Saneamento Básico do Estado de São Paulo - SABESP,683509869.0,21.056129017183856,17.010000228881836
265,2015,1455500.805032213,SBSP3,11711.569,Companhia de Saneamento Básico do Estado de São Paulo - SABESP,683509869.0,17.086991872244734,18.93000030517578
266,2016,1146969.735700825,SBSP3,14098.208,Companhia de Saneamento Básico do Estado de São Paulo - SABESP,683509869.0,26.917188782289802,28.790000915527344
267,2017,2345657.906500008,SBSP3,14608.233,Companhia de Saneamento Básico do Estado de São Paulo - SABESP,683509869.0,31.932598406874288,34.33000183105469
268,2018,2202561.038600008,SBSP3,16085.094,Companhia de Saneamento Básico do Estado de São Paulo - SABESP,683509869.0,29.468979551354234,31.5
269,2019,2203561.672085193,SBSP3,17983.654,Companhia de Saneamento Básico do Estado de São Paulo - SABESP,683509869.0,47.95388661125894,60.560001373291016
270,2020,1630989.077,SBSP3,17797.541,Companhia de Saneamento Básico do Estado de São Paulo - SABESP,683509869.0,50.6921052508026,44.439998626708984
271,2016,7435.458161232609,KEPL3,475.298,Kepler Weber S.A.,28085752.0,16.93208833870639,18.0
272,2017,10242.697334133729,KEPL3,578.375,Kepler Weber S.A.,28085752.0,21.64389764981007,19.530000686645508
273,2018,8801.74082044535,KEPL3,576.3,Kepler Weber S.A.,28085752.0,12.005918358783333,14.920000076293945
274,2019,7538.74867935584,KEPL3,583.465,Kepler Weber S.A.,26311971.0,19.602105322154426,29.450000762939453
275,2013,34605.7625100473,CYRE3,5371.882,Cyrela Brazil Realty S.A. Empreendimentos e Participações,497050380.0,16.71935481794419,14.399999618530273
276,2014,40169.3490075374,CYRE3,5817.927,Cyrela Brazil Realty S.A. Empreendimentos e Participações,470450672.0,13.118790311198081,11.0600004196167
277,2015,22859.139131424243,CYRE3,4341.184,Cyrela Brazil Realty S.A. Empreendimentos e Participações,461350600.0,9.987642274639471,7.5
278,2016,16022.764725349538,CYRE3,3195.31,Cyrela Brazil Realty S.A. Empreendimentos e Participações,464171244.0,9.81843379032181,10.270000457763672
279,2017,14979.07957994367,CYRE3,2673.77,Cyrela Brazil Realty S.A. Empreendimentos e Participações,465213610.0,12.60925196099469,13.220000267028809
280,2018,14937.37448525175,CYRE3,3146.157,Cyrela Brazil Realty S.A. Empreendimentos e Participações,466712705.0,13.100326518623197,15.470000267028809
281,2019,16504.958782540998,CYRE3,3930.822,Cyrela Brazil Realty S.A. Empreendimentos e Participações,384426304.0,21.20230771655496,29.690000534057617
282,2020,12706.918,CYRE3,3823.695,Cyrela Brazil Realty S.A. Empreendimentos e Participações,384503904.0,24.259514175445926,29.479999542236328
283,2016,197422.67268863806,COCE5,4097.446,Companhia Energética do Ceará - Coelce,77855299.0,41.73060241760499,49.9900016784668
284,2017,242366.92159589953,COCE5,4594.419,Companhia Energética do Ceará - Coelce,77855299.0,49.33696850453775,54.75
285,2018,225559.89251260197,COCE5,5102.244,Companhia Energética do Ceará - Coelce,77855299.0,48.76955116427675,48.0
286,2019,218125.9650057927,COCE5,5377.077,Companhia Energética do Ceará - Coelce,77855299.0,56.41676129792866,62.40999984741211
287,2013,143269.3522939152,RADL3,6207.168,Raia Drogasil S.A.,330386000.0,3.99495161060364,2.9560000896453857
288,2014,176045.5111027012,RADL3,7351.456,Raia Drogasil S.A.,1646430000.0,3.9109435494868987,5.070000171661377
289,2015,143540.6443006581,RADL3,8897.849,Raia Drogasil S.A.,1646430000.0,7.156788626337439,7.0960001945495605
290,2016,176824.73766051148,RADL3,11256.565,Raia Drogasil S.A.,1646684570.0,11.475783122112473,12.23799991607666
291,2017,234132.4827461543,RADL3,13212.505,Raia Drogasil S.A.,1648559230.0,14.227866142753541,18.360000610351562
292,2018,227889.8379970569,RADL3,14801.445,Raia Drogasil S.A.,1646697140.0,14.456587760302485,11.430000305175781
293,2019,31594.6502734526,RADL3,17565.6,Raia Drogasil S.A.,1648175690.0,16.34097976916232,22.327999114990234
294,2016,22220.97233322647,PNVL3,2128.732,Dimed S.A. Distribuidora de Medicamentos,136758390.0,12.993401050567627,22.299665451049805
295,2017,26989.2821594806,PNVL3,2258.246,Dimed S.A. Distribuidora de Medicamentos,136725390.0,18.23147341926691,13.333333015441895
296,2018,24459.390902264502,PNVL3,2432.246,Dimed S.A. Distribuidora de Medicamentos,136269390.0,11.97287534185722,10.333000183105469
297,2019,24051.5165272457,PNVL3,2724.68,Dimed S.A. Distribuidora de Medicamentos,135480390.0,13.830091896297047,19.633333206176758
298,2013,9049.262625917345,RSID3,2132.78,Rossi Residencial S.A.,16786068.0,78.9616935483871,51.0
299,2014,6000.7501802459365,RSID3,1537.823,Rossi Residencial S.A.,16737828.0,35.3713709615892,16.950000762939453
300,2015,3110.868424844514,RSID3,1226.141,Rossi Residencial S.A.,16737827.0,7.841666680041367,3.200000047683716
301,2016,1273.5312869938077,RSID3,538.002,Rossi Residencial S.A.,16737828.0,3.84257028380551,2.700000047683716
302,2017,830.6203146173802,RSID3,326.028,Rossi Residencial S.A.,16737828.0,7.136535436149657,7.190000057220459
303,2018,320.0090254081221,RSID3,148.724,Rossi Residencial S.A.,16801613.0,5.464693868403532,5.300000190734863
304,2019,117.02024570355434,RSID3,60.789,Rossi Residencial S.A.,16908256.0,4.622226713157376,9.119999885559082
305,2013,6663814.2469596425,EGIE3,5568.658,Engie Brasil Energia S.A.,815927740.0,28.670032301256732,28.75200080871582
306,2014,6485765.011182018,EGIE3,6472.496,Engie Brasil Energia S.A.,815927740.0,27.362451622563025,27.06399917602539
307,2015,6118160.857812592,EGIE3,6512.037,Engie Brasil Energia S.A.,815927740.0,27.339999989765445,26.79199981689453
308,2016,4811596.183134301,EGIE3,6442.371,Engie Brasil Energia S.A.,815927740.0,29.70303617423797,28.0
309,2017,4421925.543203096,EGIE3,7009.957,Engie Brasil Energia S.A.,815927740.0,28.413795185840037,28.408000946044922
310,2018,4353729.196995322,EGIE3,8794.792,Engie Brasil Energia S.A.,815927740.0,30.03168985016492,33.02000045776367
311,2019,5278134.868731253,EGIE3,9804.478,Engie Brasil Energia S.A.,815927740.0,43.859109268497356,50.79999923706055
312,2016,2996.1498592464914,BPAC3,9506.319,Banco BTG Pactual S.A.,9470732356.0,1.0949660539627075,1.0949660539627075
313,2017,2909.119999981173,BPAC3,5487.472,Banco BTG Pactual S.A.,9212429320.0,1.911171247129855,1.93047297000885
314,2018,1769.903214701722,BPAC3,3435.379,Banco BTG Pactual S.A.,10609623952.0,1.914168434860432,1.9757000207901
315,2019,2929.7324586360423,BPAC3,6918.594,Banco BTG Pactual S.A.,10583328352.0,5.176752983781807,9.52144718170166
316,2016,124020.4364679115,SAPR4,3477.525,Companhia de Saneamento do Paraná - SANEPAR,1511205519.0,1.9932660800386146,3.5833330154418945
317,2017,140814.7838738444,SAPR4,3869.401,Companhia de Saneamento do Paraná - SANEPAR,1511205519.0,3.7274405975041427,3.9000000953674316
318,2018,1096356.3927563215,SAPR4,4162.205,Companhia de Saneamento do Paraná - SANEPAR,1511205519.0,3.251768377849034,3.5666658878326416
319,2019,1166477.6785999704,SAPR4,4722.826,Companhia de Saneamento do Paraná - SANEPAR,1511205519.0,5.137840415784704,7.026666164398193
320,2013,39433.489522514705,DASA3,2447.782,Diagnósticos da América S.A.,315853956.0,12.109343474911105,14.55673885345459
321,2014,44550.7769741601,DASA3,2697.573,Diagnósticos da América S.A.,315960532.0,13.42743533272897,11.137504577636719
322,2015,32531.9224438822,DASA3,2794.399,Diagnósticos da América S.A.,316099259.0,9.807802576359695,10.097738265991211
323,2016,34269.9795166134,DASA3,3040.775,Diagnósticos da América S.A.,315219725.0,14.481435465695235,17.70603370666504
324,2017,43089.342633152,DASA3,3399.308,Diagnósticos da América S.A.,317101918.0,24.534574011097785,27.0
325,2018,39485.8246906351,DASA3,3933.451,Diagnósticos da América S.A.,317026917.0,27.014766372252847,27.0
326,2019,38804.7349586678,DASA3,4364.585,Diagnósticos da América S.A.,320154822.0,34.385684204101565,57.709999084472656
327,2019,1544816.0,NEOE3,28461.0,Neoenergia S.A.,1213797248.0,20.620158649626234,24.8799991607666
328,2020,1309536.0,NEOE3,31989.0,Neoenergia S.A.,1213797248.0,19.62676114688518,17.6200008392334
329,2013,475103.98050455295,CGAS5,6336.641,Companhia de Gás de São Paulo - COMGÁS,119822797.0,55.92911526464647,58.07435989379883
330,2014,453949.46276812,CGAS5,6387.103,Companhia de Gás de São Paulo - COMGÁS,121870985.0,50.51239232094057,48.652854919433594
331,2015,316006.4101828617,CGAS5,6597.017,Companhia de Gás de São Paulo - COMGÁS,124009000.0,43.97732205894904,39.55754470825195
332,2016,257410.5120095446,CGAS5,5657.246,Companhia de Gás de São Paulo - COMGÁS,127313301.0,45.46301237359104,45.85078811645508
333,2017,261300.3141683439,CGAS5,5537.857,Companhia de Gás de São Paulo - COMGÁS,130038279.0,49.94224174379364,59.97576904296875
334,2018,276525.9437872464,CGAS5,6840.011,Companhia de Gás de São Paulo - COMGÁS,132023251.0,57.80313962041115,58.748470306396484
335,2019,331614.0804578986,CGAS5,9514.222,Companhia de Gás de São Paulo - COMGÁS,132520587.0,86.85986680131617,142.4600067138672
336,2013,530875.0610000263,KLBN4,4599.337,Klabin S.A.,4437848980.0,2.4820161336852657,2.4519999027252197
337,2014,574845.916200042,KLBN4,4893.882,Klabin S.A.,4579289565.0,2.3484197575368997,2.240000009536743
338,2015,567680.814499914,KLBN4,5687.589,Klabin S.A.,4582211590.0,2.240000009536743,2.240000009536743
339,2016,757065.8790000328,KLBN4,7090.798,Klabin S.A.,4578764640.0,2.609047610743516,2.8499999046325684
340,2017,815388.931100002,KLBN4,8373.378,Klabin S.A.,4632439080.0,2.9872441010212336,3.140000104904175
341,2018,756742.948275083,KLBN4,10016.461,Klabin S.A.,5263208420.0,3.195265307718394,2.8299999237060547
342,2019,809561.2261999706,KLBN4,10271.839,Klabin S.A.,5270178215.0,3.081578950650296,3.549999952316284
343,2017,33436.519602887,VULC3,1263.082,Vulcabras Azaleia S.A.,280756346.0,6.518740163074703,9.100000381469727
344,2018,29481.79915403908,VULC3,1248.963,Vulcabras Azaleia S.A.,280756346.0,7.43024488955128,7.099999904632568
345,2019,29378.319415182188,VULC3,1359.985,Vulcabras Azaleia S.A.,280756346.0,7.33769228969991,9.199999809265137
346,2016,1835.174857065485,ABCB4,1285.8,Banco ABC Brasil S.A.,178043795.0,11.765318001130499,13.461194038391113
347,2017,1959.551579071423,ABCB4,966.842,Banco ABC Brasil S.A.,193826491.0,16.908099989252765,16.891746520996094
348,2018,1970.043196079766,ABCB4,870.437,Banco ABC Brasil S.A.,208665751.0,16.419273633373027,16.757701873779297
349,2019,654.1284323943,ABCB4,1082.738,Banco ABC Brasil S.A.,215187488.0,18.578704494213767,20.190000534057617
350,2013,677546.5714841939,CPFE3,14633.856,CPFL Energia S.A.,1017927610.0,19.330038893607355,18.046512603759766
351,2014,1183868.7741999421,CPFE3,17305.942,CPFL Energia S.A.,1017927610.0,18.010661305919772,18.340097427368164
352,2015,1307266.233316854,CPFE3,20599.212,CPFL Energia S.A.,1017922784.0,17.314216679673855,14.8086576461792
353,2016,783023.863803699,CPFE3,19112.089,CPFL Energia S.A.,1017914746.0,20.801793703592445,25.209999084472656
354,2017,1183250.250700014,CPFE3,26744.905,CPFL Energia S.A.,1017914746.0,25.755157493230865,19.350000381469727
355,2018,1042471.705249984,CPFE3,28136.627,CPFL Energia S.A.,1017914746.0,23.453999982561385,28.850000381469727
356,2019,784637.820549989,CPFE3,29932.474,CPFL Energia S.A.,1152254440.0,31.210526416176243,35.54999923706055
357,2013,3202077.79479998,JBSS3,92902.798,JBS S.A.,2867542344.0,7.155040335270666,8.770000457763672
358,2014,7306250.027199971,JBSS3,120469.719,JBS S.A.,2894749826.0,8.93903225275778,11.149999618530273
359,2015,6225079.62720004,JBSS3,162914.526,JBS S.A.,2856857505.0,14.359471549832724,12.350000381469727
360,2016,8298379.7354000695,JBSS3,170380.526,JBS S.A.,2718232194.0,10.708192733396967,11.399999618530273
361,2017,7831494.05620009,JBSS3,163169.981,JBS S.A.,2728747412.0,9.096535425486527,9.8100004196167
362,2018,5900070.47179997,JBSS3,181680.244,JBS S.A.,2713144447.0,9.671959207495865,11.59000015258789
363,2019,6209095.92039993,JBSS3,204523.575,JBS S.A.,2665040729.0,22.6085019980365,25.799999237060547
364,2013,1457742.4681443297,CSAN3,4586.209,Cosan S.A.,440239977.0,9.753799050085005,8.794100761413574
365,2013,1457742.4681443297,CSAN3,8118.038,Cosan S.A.,440239977.0,9.753799050085005,8.794100761413574
366,2013,1457742.4681443297,CSAN3,6128.828,Cosan S.A.,440239977.0,9.753799050085005,8.794100761413574
367,2014,299078.2801800871,CSAN3,8146.863,Cosan S.A.,442336977.0,8.3171554976894,7.212500095367432
368,2015,1164239.8887093812,CSAN3,8349.181,Cosan S.A.,442336977.0,6.16548781472493,6.300000190734863
369,2016,1221761.3003906533,CSAN3,7541.793,Cosan S.A.,1660227419.0,8.331686741855728,9.537500381469727
370,2017,199542.98977098436,CSAN3,7670.777,Cosan S.A.,2069098792.0,9.349596496642105,10.375
371,2018,735853.6491367598,CSAN3,10289.935,Cosan S.A.,1570064328.0,9.467316283011924,8.364999771118164
372,2019,738755.2608316554,CSAN3,13560.445,Cosan S.A.,1551856436.0,12.519392716257196,17.392499923706055
373,2013,1726.321893861481,CIEL3,6734.24,Cielo S.A.,2714999506.0,16.164714540204695,18.995948791503906
374,2014,2700.137207354392,CIEL3,7725.578,Cielo S.A.,2706495526.0,22.610023083225375,24.114582061767578
375,2015,4552.145199937778,CIEL3,11122.314,Cielo S.A.,2709642585.0,26.781122393724395,23.326387405395508
376,2016,4699.4600299405065,CIEL3,12300.784,Cielo S.A.,2711548614.0,26.07511108275877,23.241666793823242
377,2017,3893.733309380651,CIEL3,11600.341,Cielo S.A.,2713932157.0,23.19709965563196,23.520000457763672
378,2018,4519.0740097168555,CIEL3,11685.85,Cielo S.A.,2714233626.0,16.922571462514448,8.890000343322754
379,2019,6053.077012167924,CIEL3,11353.842,Cielo S.A.,2712706761.0,8.39910930757098,8.369999885559082
380,2016,151172.3872200847,MGLU3,9508.745,Magazine Luiza S.A.,5509282048.0,0.20049103165426888,0.41472598910331726
381,2017,204724.51760921642,MGLU3,11984.25,Magazine Luiza S.A.,6047657984.0,1.3569409225400038,2.5068750381469727
382,2018,231903.3706710521,MGLU3,15590.444,Magazine Luiza S.A.,6050469600.0,3.76518346338856,5.6584367752075195
383,2019,254429.1509462157,MGLU3,19886.31,Magazine Luiza S.A.,6486410224.0,7.705362991765443,11.925000190734863
384,2017,3794027.2629589876,CAML3,4947.73,Camil Alimentos S.A.,410051876.0,8.185522385497592,7.829999923706055
385,2018,4058293.865020833,CAML3,4662.94,Camil Alimentos S.A.,404230305.0,7.323673474058813,7.050000190734863
386,2019,3440194.672455944,CAML3,4748.825,Camil Alimentos S.A.,370000000.0,7.07380567002393,9.010000228881836
387,2017,52422.1838233311,PFRM3,4100.711,Profarma Distribuidora de Produtos Farmacêuticos S.A.,75108222.0,8.42142627550208,7.127604007720947
388,2018,47669.516650962105,PFRM3,4271.127,Profarma Distribuidora de Produtos Farmacêuticos S.A.,122610573.0,5.282434011965382,3.930000066757202
389,2019,46271.2792341603,PFRM3,4801.292,Profarma Distribuidora de Produtos Farmacêuticos S.A.,122610573.0,4.267773287498999,6.46999979019165
390,2016,256500.39471976,FESA4,1096.154,Cia de Ferro Ligas da Bahia - FERBASA,85096700.0,7.648112456003825,7.760000228881836
391,2017,287238.130772555,FESA4,1108.722,Cia de Ferro Ligas da Bahia - FERBASA,85096700.0,12.626535460704893,20.469999313354492
392,2018,316152.435969851,FESA4,1381.056,Cia de Ferro Ligas da Bahia - FERBASA,85096700.0,20.79987755600287,20.450000762939453
393,2019,245760.477765225,FESA4,1279.55,Cia de Ferro Ligas da Bahia - FERBASA,85096700.0,20.97846150880883,20.010000228881836
394,2016,49436.5694315936,GRND3,2045.115,Grendene S.A.,902160000.0,5.682743984053891,5.860000133514404
395,2017,61764.070074731804,GRND3,2251.972,Grendene S.A.,902137371.0,8.266469474852554,9.483332633972168
396,2018,55081.1842923206,GRND3,2333.452,Grendene S.A.,900255000.0,8.284271981764812,8.199999809265137
397,2019,8811.41471724341,GRND3,2071.034,Grendene S.A.,902030000.0,8.579392734326815,12.279999732971191
398,2013,3370.88707556704,TRPL4,981.168,CTEEP - Companhia de Transmissão de Energia Elétrica Paulista S.A.,610646260.0,8.29677269727953,6.6732988357543945
399,2014,3695.59363901117,TRPL4,1102.788,CTEEP - Companhia de Transmissão de Energia Elétrica Paulista S.A.,645037820.0,7.474805678090742,10.364344596862793
400,2015,2254.465100038517,TRPL4,1287.13,CTEEP - Companhia de Transmissão de Energia Elétrica Paulista S.A.,645037820.0,10.249787923766345,11.413267135620117
401,2016,12872.81032411611,TRPL4,7785.616,CTEEP - Companhia de Transmissão de Energia Elétrica Paulista S.A.,658883304.0,14.665954398342883,16.217500686645508
402,2017,5049.4191382279405,TRPL4,2701.193,CTEEP - Companhia de Transmissão de Energia Elétrica Paulista S.A.,658883304.0,16.515836606814165,16.725000381469727
403,2018,4969.06500996408,TRPL4,3184.654,CTEEP - Companhia de Transmissão de Energia Elétrica Paulista S.A.,658883304.0,15.985040835944973,17.295000076293945
404,2019,4488.40881182384,TRPL4,3331.862,CTEEP - Companhia de Transmissão de Energia Elétrica Paulista S.A.,658883304.0,22.134797578881145,22.579999923706055
405,2016,6054.001925619201,VLID3,1723.85,Valid Soluções S.A.,71146975.0,28.225337078293645,22.39090919494629
406,2017,23428.4522550982,VLID3,1574.474,Valid Soluções S.A.,70513000.0,19.197585117204387,18.540000915527344
407,2018,22373.311565948068,VLID3,1734.312,Valid Soluções S.A.,70404542.0,17.41791836485571,18.0
408,2019,24184.1088788111,VLID3,2007.962,Valid Soluções S.A.,70304542.0,15.844858335579938,16.979999542236328
409,2013,57584.542765593564,CCRO3,6016.558,CCR S.A.,1901296004.0,18.707338779203354,17.770000457763672
410,2014,65762.4249266711,CCRO3,7397.194,CCR S.A.,1901296004.0,17.335322572338967,15.40999984741211
411,2015,71725.3782437176,CCRO3,8478.865,CCR S.A.,1901296004.0,14.66186990582846,12.550000190734863
412,2016,63481.1684828591,CCRO3,9996.067,CCR S.A.,1901296004.0,15.45373490728049,15.960000038146973
413,2017,78600.1382719043,CCRO3,10560.997,CCR S.A.,2155708804.0,17.186535403484434,16.149999618530273
414,2018,79850.43188751739,CCRO3,9715.859,CCR S.A.,2155708804.0,11.521469392581862,11.199999809265137
415,2019,82274.4893031336,CCRO3,10590.811,CCR S.A.,2155708804.0,14.81056674385843,18.979999542236328
416,2013,944941.66724999,MRFG3,18752.376,Marfrig Global Foods S.A.,520281458.0,6.9997983930572385,4.0
417,2014,848779.922600064,MRFG3,15208.758,Marfrig Global Foods S.A.,520326254.0,5.456612910955183,6.110000133514404
418,2015,677301.465749965,MRFG3,19549.362,Marfrig Global Foods S.A.,520688855.0,5.377195120826969,6.349999904632568
419,2016,612960.066800019,MRFG3,18828.356,Marfrig Global Foods S.A.,521299473.0,5.929598394646702,6.610000133514404
420,2017,211154.03484381788,MRFG3,10127.696,Marfrig Global Foods S.A.,620959696.0,6.617086611394807,7.320000171661377
421,2018,189404.7359812572,MRFG3,29715.176,Marfrig Global Foods S.A.,620218975.0,6.790775507323596,5.460000038146973
422,2019,673082.951199893,MRFG3,48761.057,Marfrig Global Foods S.A.,702269453.0,7.901295544164866,9.960000038146973
423,2013,53482.054679369,ECOR3,2639.059,EcoRodovias Infraestrutura e Logística S.A.,557908325.0,16.101491928100586,14.800000190734863
424,2014,22830.21900002308,ECOR3,2937.001,EcoRodovias Infraestrutura e Logística S.A.,556911088.0,12.913991939636968,10.510000228881836
425,2015,18435.01319996525,ECOR3,2735.719,EcoRodovias Infraestrutura e Logística S.A.,556466088.0,7.77934960427323,5.090000152587891
426,2016,12544.000000032469,ECOR3,2828.996,EcoRodovias Infraestrutura e Logística S.A.,556466088.0,7.248072289080026,8.239999771118164
427,2017,10852.95842933687,ECOR3,3066.359,EcoRodovias Infraestrutura e Logística S.A.,556466088.0,10.38370078755176,12.300000190734863
428,2018,14112.55746838726,ECOR3,3169.267,EcoRodovias Infraestrutura e Logística S.A.,556462588.0,8.884979596429941,9.380000114440918
429,2019,32309.63989761512,ECOR3,3952.889,EcoRodovias Infraestrutura e Logística S.A.,556462588.0,11.586801594568168,16.299999237060547
430,2018,32296.9606218496,STBP3,921.515,Santos Brasil Participações S.A.,662573514.0,3.213714283339831,4.230000019073486
431,2019,33515.35614880652,STBP3,972.594,Santos Brasil Participações S.A.,667578655.0,5.298178098462372,8.180000305175781
432,2013,11863646.895527994,USIM5,12829.467,Usinas Siderúrgicas de Minas Gerais S.A.,987199178.0,10.381209659960962,14.210000038146973
433,2014,17141627.262910828,USIM5,11741.629,Usinas Siderúrgicas de Minas Gerais S.A.,987553806.0,8.394153204656416,5.050000190734863
434,2015,12007818.129999993,USIM5,10185.57,Usinas Siderúrgicas de Minas Gerais S.A.,987553806.0,3.954999998333008,1.5499999523162842
435,2016,11551508.410929346,USIM5,8454.2,Usinas Siderúrgicas de Minas Gerais S.A.,1226846724.0,2.661405623198513,4.099999904632568
436,2017,7146228.923124984,USIM5,10734.118,Usinas Siderúrgicas de Minas Gerais S.A.,1226846724.0,6.1491732278208096,9.100000381469727
437,2018,7266361.949999987,USIM5,13736.78,Usinas Siderúrgicas de Minas Gerais S.A.,1229301635.0,9.629428598832112,9.220000267028809
438,2019,7934878.357471174,USIM5,14948.719,Usinas Siderúrgicas de Minas Gerais S.A.,1229501053.0,8.73668016981982,9.510000228881836
439,2013,6166.19221951199,PSSA3,13457.688,Porto Seguro S.A.,341293030.0,26.272500015074208,29.75
440,2014,5671.592799979149,PSSA3,15629.417,Porto Seguro S.A.,341293030.0,31.14887099881326,30.399999618530273
441,2015,6735.94129766048,PSSA3,17107.017,Porto Seguro S.A.,341293030.0,34.03857728136264,28.790000915527344
442,2016,8645.83886102587,PSSA3,17255.364,Porto Seguro S.A.,341293030.0,27.53072292833443,26.899999618530273
443,2017,12163.966312467961,PSSA3,18729.569,Porto Seguro S.A.,341293030.0,32.162441043403206,36.33000183105469
444,2018,5233.094999954,PSSA3,19347.718,Porto Seguro S.A.,341293030.0,48.342612254862885,52.150001525878906
445,2019,4865.04180003696,PSSA3,19816.225,Porto Seguro S.A.,340917630.0,55.43971669432605,62.7400016784668
446,2013,8884733.72941936,ENEV3,1438.831,Eneva S.A.,7025244.0,102.0764769277265,42.779090881347656
447,2014,5987536.123659754,ENEV3,1798.092,Eneva S.A.,8401061.0,19.69678016247288,5.703877925872803
448,2015,7779078.916002317,ENEV3,1518.633,Eneva S.A.,161769820.0,4.135394091528606,3.5
449,2016,8014311.730604085,ENEV3,2160.983,Eneva S.A.,956513720.0,3.182750997773136,2.9749999046325684
450,2017,6864315.422260865,ENEV3,2721.773,Eneva S.A.,1259961996.0,3.416968497704333,3.4749999046325684
451,2018,9311723.918827664,ENEV3,3129.107,Eneva S.A.,1259961996.0,3.3627142867263484,4.022500038146973
452,2019,5724002.766633285,ENEV3,3137.369,Eneva S.A.,1261932724.0,6.321497969299193,10.922499656677246
453,2013,3626736.954100027,GOLL4,8956.212,Gol Linhas Aéreas Inteligentes S.A.,276712443.0,10.69548386527646,10.479999542236328
454,2014,3674035.070900021,GOLL4,10066.214,Gol Linhas Aéreas Inteligentes S.A.,283167403.0,12.559112879537768,15.180000305175781
455,2015,2587626.186654289,GOLL4,9778.007,Gol Linhas Aéreas Inteligentes S.A.,345689343.0,6.867601630164356,2.5199999809265137
456,2016,3349489.964599854,GOLL4,9720.497,Gol Linhas Aéreas Inteligentes S.A.,346310872.0,4.1681124517716555,4.619999885559082
457,2017,3317937.9616999747,GOLL4,10329.034,Gol Linhas Aéreas Inteligentes S.A.,347439102.0,10.277470339899478,14.600000381469727
458,2018,3395463.9360000375,GOLL4,11411.354,Gol Linhas Aéreas Inteligentes S.A.,348766043.0,16.202653071345114,25.100000381469727
459,2019,3525369.4033852904,GOLL4,13864.704,Gol Linhas Aéreas Inteligentes S.A.,355493903.0,30.98230765802175,36.79999923706055
460,2017,693702.1637442542,ENGI3,13637.154,Energisa S.A.,1729827305.0,6.366278736349096,9.633976936340332
461,2018,697687.5586766958,ENGI3,15787.581,Energisa S.A.,1814561910.0,9.507463837101449,8.100000381469727
462,2019,2346302.3809804595,ENGI3,19903.135,Energisa S.A.,1814561910.0,13.337246979779078,13.619999885559082
463,2016,22210.49368180472,WSON33,457.161,Wilson Sons Limited,71144000.0,32.580647843086766,33.5
464,2017,24599.40310650926,WSON33,496.34,Wilson Sons Limited,71219900.0,36.46943482108738,40.0
465,2018,21625.59989402632,WSON33,460.196,Wilson Sons Limited,71243660.0,41.21443042674648,40.0
466,2019,56192.0,WSON33,406.128,Wilson Sons Limited,71243660.0,38.06044537625332,44.790000915527344
467,2017,6210.417990739919,IRBR3,6916.894,IRB-Brasil Resseguros S.A.,932096702.0,9.780013443133154,10.473297119140625
468,2018,5595.2601568985,IRBR3,6369.195,IRB-Brasil Resseguros S.A.,931246202.0,16.554473347566567,25.708864212036133
469,2019,6451.03823666702,IRBR3,7465.977,IRB-Brasil Resseguros S.A.,931246202.0,30.701801547154723,35.994258880615234
470,2013,2814.4699706863,B3SA3,2126.638,"B3 S.A. - Brasil, Bolsa, Balcão",5715875544.0,4.270792700590626,3.6866660118103027
471,2014,3502.01994141477,B3SA3,2030.433,"B3 S.A. - Brasil, Bolsa, Balcão",5434205679.0,3.724529262511961,3.2799999713897705
472,2015,3537.410078180491,B3SA3,2216.634,"B3 S.A. - Brasil, Bolsa, Balcão",5346284718.0,3.7022896646484127,3.630000114440918
473,2016,3061.0232488327274,B3SA3,2320.781,"B3 S.A. - Brasil, Bolsa, Balcão",5362288647.0,5.335622138287648,5.5
474,2017,3296.2001170945223,B3SA3,3673.596,"B3 S.A. - Brasil, Bolsa, Balcão",6116644194.0,6.922545571965496,7.593332767486572
475,2018,2375.429892551621,B3SA3,4831.915,"B3 S.A. - Brasil, Bolsa, Balcão",6131934186.0,8.094598314713458,8.936665534973145
476,2019,3318.25997076939,B3SA3,5907.756,"B3 S.A. - Brasil, Bolsa, Balcão",6137449155.0,13.063198012379017,14.323332786560059
477,2013,2936169.306355292,ENBR3,7096.492,EDP - Energias do Brasil S.A.,475574937.0,11.767123403087739,11.191107749938965
478,2014,2337585.6973500242,ENBR3,8898.728,EDP - Energias do Brasil S.A.,475574937.0,9.877182641336995,8.735965728759766
479,2015,4079601.2535999827,ENBR3,10260.434,EDP - Energias do Brasil S.A.,475574937.0,10.871178975919397,11.87144947052002
480,2016,5493140.727500008,ENBR3,9364.772,EDP - Energias do Brasil S.A.,606093058.0,13.298745955808096,13.399999618530273
481,2017,5779205.249596627,ENBR3,12337.184,EDP - Energias do Brasil S.A.,606164918.0,14.145157453582042,14.0
482,2018,4238432.542800017,ENBR3,13834.22,EDP - Energias do Brasil S.A.,606248158.0,13.620816347550372,14.75
483,2019,4625611.825999935,ENBR3,15228.336,EDP - Energias do Brasil S.A.,604806050.0,18.580647823781618,22.100000381469727
484,2013,625867.9845249974,CSMG3,3733.397,Companhia de Saneamento de Minas Gerais,128903000.0,13.146120375202548,12.198409080505371
485,2014,687879.0909999621,CSMG3,4131.432,Companhia de Saneamento de Minas Gerais,367557000.0,11.045644648613468,8.256879806518555
486,2015,721196.720100038,CSMG3,3834.469,Companhia de Saneamento de Minas Gerais,367557651.0,5.0615688048727145,5.082670211791992
487,2016,563052.6210000118,CSMG3,4032.875,Companhia de Saneamento de Minas Gerais,388757430.0,8.633805905958734,12.166666030883789
488,2017,572346.7505999446,CSMG3,4326.401,Companhia de Saneamento de Minas Gerais,388758069.0,14.006653199984333,14.463333129882812
489,2018,673618.776242585,CSMG3,4737.285,Companhia de Saneamento de Minas Gerais,388758069.0,15.22612207763049,20.510000228881836
490,2019,731160.9751999269,CSMG3,5157.224,Companhia de Saneamento de Minas Gerais,379182069.0,21.651011833777794,22.663333892822266
491,2014,156442.573092977,SMTO3,1533.675,São Martinho S.A.,338201982.0,11.853615272429682,12.083333015441895
492,2015,382870.8082999642,SMTO3,1916.044,São Martinho S.A.,339006561.0,12.694986083643224,15.263333320617676
493,2016,387344.8208999997,SMTO3,2338.73,São Martinho S.A.,337252053.0,17.19477876027425,19.5
494,2017,453369.73400002683,SMTO3,2609.519,São Martinho S.A.,358579812.0,17.997480324872836,19.299999237060547
495,2018,660134.556,SMTO3,3435.7,São Martinho S.A.,350802666.0,18.318449032063388,18.190000534057617
496,2019,597349.965,SMTO3,3360.362,São Martinho S.A.,348865266.0,19.303036461957554,23.719999313354492
497,2013,8248.43972411024,FLRY3,1656.896,Fleury S.A.,312586712.0,9.739778230267186,9.199999809265137
498,2014,9507.94959997764,FLRY3,1678.9,Fleury S.A.,312586712.0,8.263125000461455,8.140000343322754
499,2015,8664.76129763852,FLRY3,1894.96,Fleury S.A.,312586712.0,8.149939029197382,8.0
500,2016,7645.99259024342,FLRY3,2096.113,Fleury S.A.,314230250.0,14.388433749417224,17.825000762939453
501,2017,8226.710439086219,FLRY3,2383.012,Fleury S.A.,315312192.0,26.063774651689492,29.610000610351562
502,2018,10365.69887815685,FLRY3,2664.463,Fleury S.A.,315654796.0,25.210040781449297,19.780000686645508
503,2019,6620.10226833912,FLRY3,2905.107,Fleury S.A.,316744460.0,23.12056684300967,30.530000686645508
504,2013,21605.84758998624,MMXM3,1041.164,MMX Mineração e Metálicos S.A.,107534583.0,294.80989462329495,104.99978637695312
505,2014,6191.719332734803,MMXM3,329.046,MMX Mineração e Metálicos S.A.,107534600.0,46.94252343331614,17.5
506,2015,5.4987204760032995,MMXM3,0.367,MMX Mineração e Metálicos S.A.,107534600.0,11.81808943089431,5.75
507,2016,46.39969865321434,MMXM3,2.723,MMX Mineração e Metálicos S.A.,107534400.0,5.253373507993767,5.550000190734863
508,2017,71.24579643490942,MMXM3,0.454,MMX Mineração e Metálicos S.A.,107534583.0,4.028656145329532,2.9600000381469727
509,2018,371.9817266566072,MMXM3,2.699,MMX Mineração e Metálicos S.A.,107534583.0,2.58565574395852,2.1500000953674316
510,2019,145.8035199056778,MMXM3,1.251,MMX Mineração e Metálicos S.A.,107534400.0,1.909341543299671,2.549999952316284
511,2020,21.930999999999997,MMXM3,0.256,MMX Mineração e Metálicos S.A.,6488000.0,4.852793525105064,17.0
512,2013,6601.27228511866,TOTS3,1611.794,TOTVS S.A.,493371444.0,12.649674792443552,12.296635627746582
513,2014,7395.41138557914,TOTS3,1772.447,TOTVS S.A.,491391816.0,12.16686902892205,11.631233215332031
514,2015,5487.077639835379,TOTS3,1908.737,TOTVS S.A.,493065189.0,11.596367479339849,10.323718070983887
515,2016,8240.53911965307,TOTS3,2183.786,TOTVS S.A.,493005087.0,9.742960443458404,7.998136043548584
516,2017,9409.55252209835,TOTS3,2227.33,TOTVS S.A.,493182714.0,9.8467107006884,9.944437980651855
517,2018,7375.872630642551,TOTS3,2111.16,TOTVS S.A.,493325139.0,9.471717501659782,9.0328369140625
518,2019,5387.780239003119,TOTS3,2282.124,TOTVS S.A.,575008635.0,15.86431957352982,21.516666412353516
519,2013,383532.366220513,EQTL3,4715.036,Equatorial Energia S.A.,1024445710.0,4.0786592489288696,4.630000114440918
520,2014,507164.0534445371,EQTL3,6773.453,Equatorial Energia S.A.,1024445710.0,4.739419368966933,5.539999961853027
521,2015,1080301.8689171777,EQTL3,7252.942,Equatorial Energia S.A.,1025145710.0,6.548918698861347,6.8480000495910645
522,2016,1174904.4247821907,EQTL3,7952.181,Equatorial Energia S.A.,1025588785.0,9.297156644154745,10.880000114440918
523,2017,2044320.1430136072,EQTL3,9071.42,Equatorial Energia S.A.,1025926285.0,11.745165344298355,13.130000114440918
524,2018,2153363.6141959154,EQTL3,11252.627,Equatorial Energia S.A.,1026057535.0,12.996734693099041,14.911999702453613
525,2019,1960507.3216059094,EQTL3,18796.346,Equatorial Energia S.A.,1010186085.0,18.332461523140974,22.790000915527344
526,2018,3317.60682810201,BPAN4,4317.216,Banco Pan S.A.,1141806121.0,1.8338367345381756,1.9500000476837158
527,2019,5287.510000983861,BPAN4,4820.999,Banco Pan S.A.,1205056121.0,6.6382996196206285,10.600000381469727
528,2016,68062.6250628842,AGRO3,147.128,BrasilAgro - Companhia Brasileira de Propriedades Agrícolas,54882389.0,11.24542167387813,11.050000190734863
529,2017,87936.25531831603,AGRO3,173.627,BrasilAgro - Companhia Brasileira de Propriedades Agrícolas,53802168.0,12.22826086202629,12.520000457763672
530,2018,142875.61457623052,AGRO3,284.095,BrasilAgro - Companhia Brasileira de Propriedades Agrícolas,53802168.0,13.842693846566336,15.609999656677246
531,2019,187185.20429169334,AGRO3,500.722,BrasilAgro - Companhia Brasileira de Propriedades Agrícolas,53802168.0,16.557327876689463,19.020000457763672
532,2020,253694.49899999998,AGRO3,548.988,BrasilAgro - Companhia Brasileira de Propriedades Agrícolas,59342481.0,20.858825922977587,25.0
533,2013,316867.5362285733,DXCO3,3872.705,Dexco S.A.,674508878.0,12.118666568110067,11.766006469726562
534,2014,335462.811937546,DXCO3,3984.507,Dexco S.A.,673579679.0,9.276874684518383,7.873828887939453
535,2015,300531.901225012,DXCO3,3963.214,Dexco S.A.,673579679.0,7.168505356563785,5.806949138641357
536,2016,252540.0213624288,DXCO3,3909.76,Dexco S.A.,699798742.0,7.6517148094483645,6.800000190734863
537,2017,222071.69985621568,DXCO3,3990.866,Dexco S.A.,699805842.0,8.650632426672773,9.199999809265137
538,2018,261853.5134250282,DXCO3,4949.361,Dexco S.A.,699873842.0,10.438122461280043,11.829999923706055
539,2019,229771.3523187304,DXCO3,5011.706,Dexco S.A.,700222785.0,12.240040454787282,16.719999313354492
540,2019,413.512182825914,SQIA3,175.153,Sinqia S.A.,70548812.0,12.294018237696967,24.5
541,2013,30034.02912636492,BRPR3,923.67,BR Properties S.A.,312653445.0,20.799153243341753,18.600000381469727
542,2014,26408.07584101922,BRPR3,836.788,BR Properties S.A.,298228434.0,14.925000009998199,10.199999809265137
543,2015,15445.07481700261,BRPR3,714.88,BR Properties S.A.,298228434.0,10.768536589009974,8.420000076293945
544,2016,9741.33395646481,BRPR3,465.681,BR Properties S.A.,298228434.0,8.385783126555294,7.5
545,2017,10442.40336675769,BRPR3,430.449,BR Properties S.A.,406020182.0,9.810944853805182,10.600000381469727
546,2018,8761.853068697419,BRPR3,421.317,BR Properties S.A.,403427223.0,8.698857118645494,8.199999809265137
547,2019,6739.20485735741,BRPR3,379.252,BR Properties S.A.,487962876.0,10.334372462531332,14.479999542236328
548,2020,4149.859,BRPR3,313.589,BR Properties S.A.,482812062.0,10.411619433507264,9.899999618530273
549,2013,155270.67182182148,MDIA3,4311.638,M. Dias Branco S.A. Indústria e Comércio de Alimentos,340350000.0,30.078238617989324,33.33333206176758
550,2014,157959.9787085389,MDIA3,4579.89,M. Dias Branco S.A. Indústria e Comércio de Alimentos,340350000.0,31.500187681567283,30.333332061767578
551,2015,110508.90007466829,MDIA3,4622.164,M. Dias Branco S.A. Indústria e Comércio de Alimentos,339000000.0,26.168563300031956,22.16666603088379
552,2016,122393.8971653662,MDIA3,5328.071,M. Dias Branco S.A. Indústria e Comércio de Alimentos,339000000.0,33.13089650318805,38.336666107177734
553,2017,140135.36707915168,MDIA3,5415.422,M. Dias Branco S.A. Indústria e Comércio de Alimentos,339000000.0,47.83454055485763,52.099998474121094
554,2018,175329.0,MDIA3,6025.054,M. Dias Branco S.A. Indústria e Comércio de Alimentos,339000000.0,44.996816331513074,42.79999923706055
555,2019,175111.0,MDIA3,6103.608,M. Dias Branco S.A. Indústria e Comércio de Alimentos,339000000.0,39.56753041194035,38.150001525878906
556,2020,155778.387,MDIA3,7252.524,M. Dias Branco S.A. Indústria e Comércio de Alimentos,338002304.0,36.487732883407034,34.060001373291016
557,2013,117797.14608396663,TAEE11,1447.851,Transmissora Aliança de Energia Elétrica S.A.,344498907.0,22.146774145864672,18.200000762939453
558,2014,111998.45194147927,TAEE11,1495.804,Transmissora Aliança de Energia Elétrica S.A.,344498907.0,19.538064502900646,18.84000015258789
559,2015,80995.66113864386,TAEE11,1542.465,Transmissora Aliança de Energia Elétrica S.A.,344498907.0,19.790691011320284,16.75
560,2016,67024.56712895386,TAEE11,1391.074,Transmissora Aliança de Energia Elétrica S.A.,344498907.0,19.82132533276416,20.739999771118164
561,2017,56817.51649954332,TAEE11,1077.059,Transmissora Aliança de Energia Elétrica S.A.,344498907.0,22.15586619489775,21.34000015258789
562,2018,70081.60814167454,TAEE11,1635.237,Transmissora Aliança de Energia Elétrica S.A.,344498907.0,20.65730609504544,23.600000381469727
563,2019,68913.39009692396,TAEE11,1839.99,Transmissora Aliança de Energia Elétrica S.A.,344498907.0,27.065425038820337,31.059999465942383
564,2013,10480.97551217288,ODPV3,1138.345,Odontoprev S.A.,531159924.0,9.533387107233848,9.829999923706055
565,2014,10483.82809058898,ODPV3,1244.808,Odontoprev S.A.,528537392.0,9.286451574294798,9.859999656677246
566,2015,8093.014819491691,ODPV3,1352.451,Odontoprev S.A.,527639233.0,10.455000001240553,9.449999809265137
567,2016,7903.072750243551,ODPV3,1482.812,Odontoprev S.A.,530806597.0,11.66931728761359,12.600000381469727
568,2017,320.598799678972,ODPV3,1677.333,Odontoprev S.A.,530918488.0,13.259921269153985,15.90999984741211
569,2018,175.8677983692321,ODPV3,1720.039,Odontoprev S.A.,528456447.0,14.13114286150251,13.75
570,2019,204.954806716273,ODPV3,1920.43,Odontoprev S.A.,529464611.0,16.350850194089325,16.8700008392334
571,2013,21137.5497656099,BRML3,1371.129,BR Malls Participações S.A.,681728722.0,14.689097619825795,11.404682159423828
572,2014,111239.5231500596,BRML3,1353.396,BR Malls Participações S.A.,687012948.0,12.418275440892865,10.856186866760254
573,2015,78135.81128904,BRML3,1343.39,BR Malls Participações S.A.,691674994.333333,9.458682920874619,7.42474889755249
574,2016,71381.3292452899,BRML3,1192.195,BR Malls Participações S.A.,701655140.0,10.211335829462872,10.391304016113281
575,2017,81724.2057862767,BRML3,1252.214,BR Malls Participações S.A.,870947249.0,12.77131797202491,12.729999542236328
576,2018,66269.87266134871,BRML3,1230.827,BR Malls Participações S.A.,842262078.0,11.086857149552326,13.069999694824219
577,2019,59427.002890630974,BRML3,1399.176,BR Malls Participações S.A.,843124028.0,14.049757077143742,18.059999465942383
578,2017,14043.374344770811,PARD3,1117.038,Instituto Hermes Pardini S.A.,130978595.0,26.84540182352066,33.400001525878906
579,2018,12093.43282543093,PARD3,1204.709,Instituto Hermes Pardini S.A.,130169000.0,21.963020472623864,18.700000762939453
580,2019,12034.91500701991,PARD3,1353.634,Instituto Hermes Pardini S.A.,130168613.0,21.273886607243465,27.219999313354492
581,2016,2943.329867214882,LPSB3,148.706,LPS Brasil - Consultoria de Imóveis S.A.,124731169.0,3.4693583743160508,3.872136116027832
582,2017,2306.1687818370033,LPSB3,111.019,LPS Brasil - Consultoria de Imóveis S.A.,125143288.0,4.904861563772667,5.550061225891113
583,2018,2092.480529137876,LPSB3,109.195,LPS Brasil - Consultoria de Imóveis S.A.,125653281.0,4.1511482598830245,6.274846076965332
584,2019,2051.226672912685,LPSB3,147.514,LPS Brasil - Consultoria de Imóveis S.A.,147554631.0,6.418875582305043,9.529999732971191
585,2020,1348.725,LPSB3,166.77,LPS Brasil - Consultoria de Imóveis S.A.,147554631.0,5.480931183587201,4.980000019073486
586,2013,493.842130242869,PDGR3,5316.929,PDG Realty S.A. Empreendimentos e Participações,2646528.0,1082.641350530809,821.377197265625
587,2014,390.621557864651,PDGR3,4256.603,PDG Realty S.A. Empreendimentos e Participações,2646528.0,633.2333898236675,390.26763916015625
588,2015,111.73302205320721,PDGR3,1824.301,PDG Realty S.A. Empreendimentos e Participações,4919255.0,149.0731161241609,16.299999237060547
589,2016,14.581992422807811,PDGR3,247.228,PDG Realty S.A. Empreendimentos e Participações,4919255.0,31.55301191337616,11.899999618530273
590,2017,30.993186003217097,PDGR3,458.253,PDG Realty S.A. Empreendimentos e Participações,4919255.0,22.828740146216447,22.700000762939453
591,2018,12.330015110826182,PDGR3,213.455,PDG Realty S.A. Empreendimentos e Participações,8066955.0,12.829387775732547,11.100000381469727
592,2019,13.57256616223776,PDGR3,300.222,PDG Realty S.A. Empreendimentos e Participações,8066955.0,6.342186236671108,7.389999866485596
593,2016,13950.46481305307,IGTA3,669.086,Iguatemi Empresa de Shopping Centers S.A.,176593278.0,26.475903683398144,26.670000076293945
594,2017,16791.239251853898,IGTA3,693.346,Iguatemi Empresa de Shopping Centers S.A.,176587893.0,34.90216533781037,39.38999938964844
595,2018,15005.10096013303,IGTA3,722.65,Iguatemi Empresa de Shopping Centers S.A.,176252693.0,35.58567353851941,41.599998474121094
596,2019,13403.180427203859,IGTA3,755.459,Iguatemi Empresa de Shopping Centers S.A.,176340339.0,44.13323891211135,52.900001525878906
597,2018,1688.350463612539,TCSA3,285.178,Tecnisa S.A.,33119230.0,14.429387723183146,14.5
598,2019,3006.629757576658,TCSA3,358.482,Tecnisa S.A.,73619230.0,13.541295549647527,18.299999237060547
599,2013,1316.944914717227,MRVE3,3870.608,MRV Engenharia e Participações S.A.,473764111.0,8.12289608101691,7.663725852966309
600,2014,1645.636864046287,MRVE3,4186.185,MRV Engenharia e Participações S.A.,449139684.0,7.124240602216413,6.736443042755127
601,2015,22938.95126833252,MRVE3,4763.038,MRV Engenharia e Participações S.A.,444139684.0,6.879275219227241,7.891002178192139
602,2016,18049.33800978811,MRVE3,4249.049,MRV Engenharia e Participações S.A.,441260927.0,10.231263216240817,9.945571899414062
603,2017,29046.21169977952,MRVE3,4759.888,MRV Engenharia e Participações S.A.,441772487.0,12.523323888364045,13.672887802124023
604,2018,12496.46465866271,MRVE3,5418.995,MRV Engenharia e Participações S.A.,443504000.0,12.444519031291104,12.359999656677246
605,2019,9680.04090491267,MRVE3,6055.722,MRV Engenharia e Participações S.A.,442888684.0,16.922753056051278,21.549999237060547
606,2013,1383.258573272087,EVEN3,2458.987,Even Construtora e Incorporadora S.A.,233293408.0,8.768830599323396,8.149999618530273
607,2014,1227.593441380847,EVEN3,2205.895,Even Construtora e Incorporadora S.A.,230261788.0,6.5109677295531,5.409999847412109
608,2015,1078.9393878622682,EVEN3,2205.111,Even Construtora e Incorporadora S.A.,219785354.0,3.9604471602090974,4.119999885559082
609,2016,795.998848486053,EVEN3,1743.088,Even Construtora e Incorporadora S.A.,222432772.0,4.14196788833802,3.700000047683716
610,2017,817.2793734881461,EVEN3,1385.095,Even Construtora e Incorporadora S.A.,220447269.0,4.767834647433964,5.739999771118164
611,2018,645.175516549295,EVEN3,1474.852,Even Construtora e Incorporadora S.A.,215911363.0,4.671510219573975,6.0
612,2019,717.1532418509021,EVEN3,1845.941,Even Construtora e Incorporadora S.A.,209909941.0,8.907085015223576,15.5600004196167
613,2019,13206.2187764556,ALSO3,786.261,Aliansce Sonae Shopping Centers SA,238080470.0,34.20222680867925,50.13999938964844
614,2018,9623.461600665789,JHSF3,482.457,JHSF Participações S.A.,526250536.0,1.4983673494689318,1.9199999570846558
615,2019,11145.13143860276,JHSF3,636.429,JHSF Participações S.A.,638059981.0,3.4402024326054192,7.130000114440918
616,2013,53308.1732000743,SANB4,22157.85,Banco Santander (Brasil) S.A.,7384163811.0,7.1594040297692825,6.824932098388672
617,2014,63428.7162999741,SANB4,23857.794,Banco Santander (Brasil) S.A.,7550702235.0,6.983722867504243,6.019999980926514
618,2015,69980.9549000026,SANB4,18535.04,Banco Santander (Brasil) S.A.,7563082417.0,6.573495942402661,7.230000019073486
619,2016,48114.1046999979,SANB4,35537.625,Banco Santander (Brasil) S.A.,7516415000.0,8.12329315660469,10.050000190734863
620,2017,48684.9849000087,SANB4,36062.476,Banco Santander (Brasil) S.A.,7494855000.0,11.574291323113629,13.220000267028809
621,2018,48904.3475835444,SANB4,36949.782,Banco Santander (Brasil) S.A.,7476411000.0,16.612367376989248,20.530000686645508
622,2019,48103.3938999211,SANB4,45419.553,Banco Santander (Brasil) S.A.,7466843000.0,21.85267202091603,23.530000686645508
623,2016,18784.46429954466,TGMA3,923.891,Tegma Gestão Logística S.A.,65937715.0,6.30847390684258,7.690000057220459
624,2017,23971.6044032781,TGMA3,1083.975,Tegma Gestão Logística S.A.,65937715.0,14.865236261698204,19.809999465942383
625,2018,21510.25470349031,TGMA3,1253.779,Tegma Gestão Logística S.A.,65937772.0,20.554285738419512,27.5
626,2019,72530.700793923,TGMA3,1347.32,Tegma Gestão Logística S.A.,65937772.0,29.81615393171426,37.650001525878906
627,2013,61570.72389326421,HYPE3,4258.74,Hypera S.A.,631107917.0,17.125362888459236,17.649999618530273
628,2014,65738.6118120828,HYPE3,2768.096,Hypera S.A.,632079753.0,17.243548370176747,16.889999389648438
629,2015,29956.9477776005,HYPE3,2956.649,Hypera S.A.,632237425.0,19.47247970394972,21.709999084472656
630,2016,29509.495187444598,HYPE3,3228.092,Hypera S.A.,630002363.0,26.55220885832147,26.1299991607666
631,2017,35377.945918358004,HYPE3,3499.899,Hypera S.A.,632120581.0,30.335533564269777,36.0
632,2018,30998.708105859,HYPE3,3724.309,Hypera S.A.,632046622.0,31.223346912617586,30.200000762939453
633,2019,23954.4800472802,HYPE3,3294.749,Hypera S.A.,630453103.0,30.805060683956995,35.689998626708984
634,2020,22231.735,HYPE3,4088.871,Hypera S.A.,633217597.0,32.673522285121656,34.25
635,2013,25750.85201631861,COGN3,2015.942,Cogna Educação S.A.,1757822122.0,7.505695591049809,9.8149995803833
636,2014,45372.7267390591,COGN3,3774.475,Cogna Educação S.A.,2310272799.0,13.98484876078944,15.300000190734863
637,2015,43677.6686522538,COGN3,5265.058,Cogna Educação S.A.,2301510067.0,10.654512197990728,9.529999732971191
638,2016,40810.7547511355,COGN3,5244.718,Cogna Educação S.A.,2309310414.0,12.840682717212232,13.329999923706055
639,2017,225603.3784625727,COGN3,5557.748,Cogna Educação S.A.,2327532997.666666,15.878464518569587,18.399999618530273
640,2018,264959.12799999997,COGN3,6060.708,Cogna Educação S.A.,2314497441.0,12.275632663648956,8.869999885559082
641,2019,261354.377,COGN3,6355.187,Cogna Educação S.A.,1634678060.0,10.754453435117899,11.430000305175781
642,2020,145955.28399999999,COGN3,5269.144,Cogna Educação S.A.,1868967805.0,6.794008098633183,4.630000114440918
643,2018,334606.9992494035,LOGN3,977.433,Log-In Logística Intermodal S.A.,35870186.0,3.9646423476082937,7.800000190734863
644,2019,317326.51755695895,LOGN3,1052.204,Log-In Logística Intermodal S.A.,102980419.0,13.559190259771308,20.899999618530273
645,2016,659547.2608719161,SLCE3,1601.945,SLC Agrícola S.A.,194190598.0,7.6160040246434955,7.235000133514404
646,2017,802619.8075839797,SLCE3,1858.054,SLC Agrícola S.A.,193251414.0,10.256850364640004,13.335000038146973
647,2018,1793900.023699989,SLCE3,2099.177,SLC Agrícola S.A.,187946244.0,23.303836732981157,20.93000030517578
648,2019,1963281.095325258,SLCE3,2535.905,SLC Agrícola S.A.,186295398.0,19.519331997705375,24.799999237060547
649,2020,1970799.758,SLCE3,3097.547,SLC Agrícola S.A.,187323508.0,24.391093134397437,27.450000762939453
650,2016,6042.76460512784,EZTC3,572.227,EZTEC Empreendimentos e Participações S.A.,200002160.0,12.558296847056193,12.91139030456543
651,2017,12173.87476533884,EZTC3,980.323,EZTEC Empreendimentos e Participações S.A.,200002160.0,16.797474909955124,17.8614444732666
652,2018,3735.25112952705,EZTC3,390.762,EZTEC Empreendimentos e Participações S.A.,200002160.0,16.689998778518365,20.6417236328125
653,2019,6678.00484251718,EZTC3,804.39,EZTEC Empreendimentos e Participações S.A.,227000000.0,30.446226938533396,51.900001525878906
654,2016,2042.855367523058,MILS3,396.617,Mills Estruturas e Serviços de Engenharia S.A.,173307578.0,4.086787150088084,3.9100000858306885
655,2017,1737.010613497293,MILS3,296.282,Mills Estruturas e Serviços de Engenharia S.A.,173307578.0,4.07468504793062,4.119999885559082
656,2018,1554.9180910676191,MILS3,304.189,Mills Estruturas e Serviços de Engenharia S.A.,173307578.0,2.99212245649221,4.28000020980835
657,2019,2025.582907739375,MILS3,439.465,Mills Estruturas e Serviços de Engenharia S.A.,249587808.0,6.213319834427312,10.449999809265137
658,2020,1753.7849999999999,MILS3,506.339,Mills Estruturas e Serviços de Engenharia S.A.,250265043.0,6.6453036441494095,6.150000095367432
659,2013,109598.7203052875,YDUQ3,1731.01,Yduqs Participações S.A.,367251507.0,16.600658482120885,20.40999984741211
660,2014,160850.5739300843,YDUQ3,2404.464,Yduqs Participações S.A.,387469245.0,25.26641126601927,23.510000228881836
661,2015,132926.3315964533,YDUQ3,2931.466,Yduqs Participações S.A.,382652282.0,16.607723565605596,13.949999809265137
662,2016,139050.210854123,YDUQ3,3184.505,Yduqs Participações S.A.,382234421.0,15.070803213311008,15.800000190734863
663,2017,171565.8974735642,YDUQ3,3378.979,Yduqs Participações S.A.,383053173.0,21.521535437876786,32.81999969482422
664,2018,158230.1896020989,YDUQ3,3619.377,Yduqs Participações S.A.,300112915.0,27.57330614985252,23.760000228881836
665,2019,132590.3028552775,YDUQ3,3565.036,Yduqs Participações S.A.,300647469.0,32.416172828203365,47.5
666,2013,29415.82669306287,MULT3,970.842,Multiplan Empreendimentos Imobiliários S.A.,540173566.0,17.97252865376011,16.633333206176758
667,2014,35139.340664560834,MULT3,1129.291,Multiplan Empreendimentos Imobiliários S.A.,541624474.0,16.54014748911704,15.813332557678223
668,2015,22661.64092625949,MULT3,1072.76,Multiplan Empreendimentos Imobiliários S.A.,539746588.0,15.916205673682981,12.666666030883789
669,2016,23175.017502510767,MULT3,1115.451,Multiplan Empreendimentos Imobiliários S.A.,542333356.0,18.747523062679182,19.793333053588867
670,2017,28052.97715373108,MULT3,1162.331,Multiplan Empreendimentos Imobiliários S.A.,574636168.0,22.91934343022624,23.633333206176758
671,2018,25561.656550616062,MULT3,1237.126,Multiplan Empreendimentos Imobiliários S.A.,594397092.0,21.186516765672334,24.309999465942383
672,2019,23199.932429921188,MULT3,1311.235,Multiplan Empreendimentos Imobiliários S.A.,596253972.0,26.512874479718537,33.099998474121094
673,2020,14244.467,MULT3,1076.355,Multiplan Empreendimentos Imobiliários S.A.,596543030.0,23.864291588787125,23.530000686645508
674,2016,176927.6204630253,BEEF3,9648.67,Minerva S.A.,237104459.0,10.32171214153489,11.947031021118164
675,2017,262716.349013946,BEEF3,12103.789,Minerva S.A.,222458459.0,11.123745481016137,10.472088813781738
676,2018,361120.89214844006,BEEF3,16214.909,Minerva S.A.,373137157.0,6.992068395809252,4.906641006469727
677,2019,210471.54671860381,BEEF3,17122.825,Minerva S.A.,400446575.0,8.559919191275531,12.625505447387695
678,2013,3463.52049725587,SULA11,12984.048,Sul América S.A.,386870063.0,12.026264644438221,11.834074020385742
679,2014,4262.46445116848,SULA11,15497.67,Sul América S.A.,387295100.0,11.652138833076723,10.32981014251709
680,2015,3803.47097220498,SULA11,15788.758,Sul América S.A.,393880555.0,12.745680886555494,14.890609741210938
681,2016,2214.06582916388,SULA11,17177.332,Sul América S.A.,418382058.0,13.496630412028976,14.4025239944458
682,2017,1736.78002924883,SULA11,18542.867,Sul América S.A.,418098308.0,16.324739921750044,17.271364212036133
683,2018,1319.510009753503,SULA11,21922.571,Sul América S.A.,418102007.0,20.66919559556611,26.471651077270508
684,2019,1211.1459707397348,SULA11,18814.054,Sul América S.A.,418373998.0,36.92402356259736,55.849632263183594
685,2016,11047.97513400748,TEND3,1052.71,Construtora Tenda S.A.,118800000.0,4.96999979019165,4.96999979019165
686,2017,15438.664577919639,TEND3,1357.904,Construtora Tenda S.A.,118870200.0,8.001812901413231,10.0
687,2018,15955.17656544526,TEND3,1681.254,Construtora Tenda S.A.,99366246.0,12.995163314196528,16.045000076293945
688,2019,16144.553698205498,TEND3,1950.098,Construtora Tenda S.A.,97157246.0,21.884838027027456,30.190000534057617
689,2016,36559.77438145669,AMAR3,2852.785,Marisa Lojas S.A.,204085999.0,7.1467469839685895,5.960000038146973
690,2017,42542.91913986884,AMAR3,2875.577,Marisa Lojas S.A.,204085999.0,7.160669281726747,7.25
691,2018,35705.206071458946,AMAR3,2764.13,Marisa Lojas S.A.,203891946.0,5.515020400650648,5.190000057220459
692,2019,32230.54729627906,AMAR3,2882.422,Marisa Lojas S.A.,260675916.0,8.091659914626767,13.279999732971191
693,2020,17842.484,AMAR3,2139.417,Marisa Lojas S.A.,261497472.0,8.36595143287288,6.809999942779541
694,2018,5174.40824815878,TRIS3,545.246,Trisul S.A.,146083138.0,2.7483877678306734,4.099999904632568
695,2019,6612.07017266848,TRIS3,798.671,Trisul S.A.,186617538.0,7.950971674822602,15.300000190734863
696,2016,2300.777484750432,BBRK3,110.194,Brasil Brokers Participações S.A.,18486594.0,16.066251781570863,14.755087852478027
697,2017,2160.8030877464007,BBRK3,89.071,Brasil Brokers Participações S.A.,24792900.0,13.194477648246945,9.899999618530273
698,2018,1657.63,BBRK3,96.852,Brasil Brokers Participações S.A.,35480938.0,5.516326537424204,6.300000190734863
699,2019,1709.4070000000002,BBRK3,106.536,Brasil Brokers Participações S.A.,35480938.0,5.54190282783045,5.900000095367432
700,2020,766.038,BBRK3,101.601,Brasil Brokers Participações S.A.,35480938.0,2.5827125542559606,2.200000047683716
701,2016,18832.20113703293,HBOR3,901.954,Helbor Empreendimentos S.A.,64018889.0,8.13526695703407,7.385572910308838
702,2017,12569.77659434151,HBOR3,518.142,Helbor Empreendimentos S.A.,90425112.0,11.319402093472688,9.800000190734863
703,2018,13176.64618170214,HBOR3,633.604,Helbor Empreendimentos S.A.,90425112.0,6.935306132569605,7.550000190734863
704,2019,22938.93309327731,HBOR3,1290.899,Helbor Empreendimentos S.A.,132693612.0,11.069433200697185,22.75
705,2020,12886.993,HBOR3,973.821,Helbor Empreendimentos S.A.,132693612.0,13.184898783803469,12.229999542236328
706,2016,29954.199416772142,ARZZ3,1239.11,Arezzo Indústria e Comércio S.A.,88836247.0,24.83674696650371,25.059999465942383
707,2017,37318.4769891028,ARZZ3,1360.474,Arezzo Indústria e Comércio S.A.,89765882.0,38.931811032332774,54.70000076293945
708,2018,36036.8147742246,ARZZ3,1526.659,Arezzo Indústria e Comércio S.A.,90250881.0,47.757224585085496,55.060001373291016
709,2019,36274.7393383265,ARZZ3,1679.235,Arezzo Indústria e Comércio S.A.,90948793.0,52.88502015951674,64.0
710,2020,26074.386,ARZZ3,1590.992,Arezzo Indústria e Comércio S.A.,99627735.0,54.334169874307115,68.18000030517578
711,2013,16372.49136393691,LLIS3,713.678,Restoque Comércio e Confecções de Roupas S.A.,24187178.0,54.35674735038511,42.00004196166992
712,2014,18411.8414467541,LLIS3,765.717,Restoque Comércio e Confecções de Roupas S.A.,48592729.0,50.76190514718333,53.060054779052734
713,2015,19496.02522461189,LLIS3,1188.743,Restoque Comércio e Confecções de Roupas S.A.,46662829.0,39.160770551945134,12.95001220703125
714,2016,17719.8202507627,LLIS3,1125.829,Restoque Comércio e Confecções de Roupas S.A.,46662829.0,27.22468544297429,22.12002182006836
715,2017,22811.803117391068,LLIS3,1249.816,Restoque Comércio e Confecções de Roupas S.A.,51600829.0,34.16803575598675,32.5
716,2018,19428.51,LLIS3,1244.145,Restoque Comércio e Confecções de Roupas S.A.,51600829.0,27.7531428200858,26.799999237060547
717,2019,13004.639,LLIS3,954.083,Restoque Comércio e Confecções de Roupas S.A.,68850829.0,25.09331980021859,17.0
718,2020,6132.427,LLIS3,598.816,Restoque Comércio e Confecções de Roupas S.A.,68850829.0,7.687166021903034,4.949999809265137
719,2016,14252.75043880624,DIRR3,1358.078,Direcional Engenharia S.A.,146305187.0,5.234979926342945,4.559999942779541
720,2017,8548.22487400669,DIRR3,751.857,Direcional Engenharia S.A.,146437554.0,5.637165349299513,5.650000095367432
721,2018,11065.84830357886,DIRR3,1166.048,Direcional Engenharia S.A.,146994040.0,6.496163276750214,7.5
722,2019,12072.4390924351,DIRR3,1458.228,Direcional Engenharia S.A.,147805948.0,10.833967583382178,15.0
723,2016,58790.71733815699,ALUP11,1553.811,Alupar Investimento S.A.,250295423.0,14.077819778258542,17.100000381469727
724,2017,65336.11538609768,ALUP11,1538.191,Alupar Investimento S.A.,293037090.0,18.467204664635847,18.450000762939453
725,2018,65036.74885832176,ALUP11,1882.909,Alupar Investimento S.A.,293037090.0,16.888857168080854,18.329999923706055
726,2019,162091.10121361693,ALUP11,4592.099,Alupar Investimento S.A.,293037090.0,24.134898845966045,27.989999771118164
727,2016,39626.6232539166,MEAL3,1540.638,International Meal Company Alimentação S.A.,163561843.0,4.779076313876723,4.96999979019165
728,2017,44213.9610032954,MEAL3,1494.511,International Meal Company Alimentação S.A.,161381600.0,7.618695634155877,8.6899995803833
729,2018,40115.90478744026,MEAL3,1582.081,International Meal Company Alimentação S.A.,162924600.0,7.704897952566341,7.090000152587891
730,2019,34849.92020609167,MEAL3,1603.262,International Meal Company Alimentação S.A.,189023930.0,7.561174079956796,8.399999618530273
731,2020,18643.421000000002,MEAL3,1153.537,International Meal Company Alimentação S.A.,285443030.0,4.572307688987207,4.210000038146973
732,2016,10723.20648380739,AALR3,951.47,Centro de Imagem Diagnósticos S.A.,140606175.0,15.731627819149994,14.649999618530273
733,2017,13663.06594364045,AALR3,1077.876,Centro de Imagem Diagnósticos S.A.,143725786.0,15.983385840738853,14.800000190734863
734,2018,10810.60794316421,AALR3,1076.918,Centro de Imagem Diagnósticos S.A.,143725786.0,13.562612229950574,13.3100004196167
735,2019,9538.65006654018,AALR3,1072.865,Centro de Imagem Diagnósticos S.A.,143996248.0,16.130769227680407,18.15999984741211
736,2016,5585.81787047924,CVCB3,1063.929,CVC Brasil Operadora e Agência de Viagens S.A.,132830343.0,20.151204787104962,23.700000762939453
737,2017,7012.5125666287695,CVCB3,1185.145,CVC Brasil Operadora e Agência de Viagens S.A.,141601272.0,35.088937015984,48.5
738,2018,8566.98211352,CVCB3,1532.025,CVC Brasil Operadora e Agência de Viagens S.A.,144909842.0,51.29008175596899,61.18000030517578
739,2019,7217.62328978679,CVCB3,1709.456,CVC Brasil Operadora e Agência de Viagens S.A.,147598902.0,52.3968015354172,43.79999923706055
740,2019,122.5599017999159,BIDI4,634.617,Banco Inter S.A.,2115550602.0,4.222643415937539,5.222644805908203
741,2018,2180.02143075215,LOGG3,103.675,LOG Commercial Properties e Participações S.A.,69230000.0,17.917500019073486,18.020000457763672
742,2019,2275.130885511576,LOGG3,119.019,LOG Commercial Properties e Participações S.A.,102159154.0,21.57323882068217,32.459999084472656
743,2020,1861.483136896532,LOGG3,140.665,LOG Commercial Properties e Participações S.A.,101174154.0,30.048987855795424,34.209999084472656
744,2017,9468.228590437493,OMGE3,546.114,Omega Geração S.A.,117800185.0,17.3496330506211,17.5
745,2018,11481.289714883658,OMGE3,742.023,Omega Geração S.A.,117800185.0,16.562816292898997,17.450000762939453
746,2019,13342.644096781778,OMGE3,1014.427,Omega Geração S.A.,164964930.0,26.398218687729315,36.5
747,2018,38025.444799248406,LCAM3,2917.195,Companhia de Locação das Américas,395837943.0,9.23620377949306,12.566665649414062
748,2019,57596.6247267675,LCAM3,4798.607,Companhia de Locação das Américas,504300109.0,15.571983538175884,22.709999084472656
749,2013,40.328213221586395,PRIO3,4.395,Petro Rio S.A.,59493349.0,2.4601209706837133,0.9100000262260437
750,2014,64594.4387326042,PRIO3,486.839,Petro Rio S.A.,59496898.0,0.9959274202344879,0.4620000123977661
751,2015,22558.63671799661,PRIO3,253.071,Petro Rio S.A.,131869844.0,0.3591260162553167,0.24500000476837158
752,2016,55612.60163486386,PRIO3,397.871,Petro Rio S.A.,657603150.0,0.2894232938567319,0.43560001254081726
753,2017,86187.55542548062,PRIO3,533.922,Petro Rio S.A.,630379300.0,0.8773858264440627,1.6360000371932983
754,2018,108713.96291573701,PRIO3,848.92,Petro Rio S.A.,607628550.0,1.669678368373793,1.9839999675750732
755,2019,168738.66999999998,PRIO3,1644.346,Petro Rio S.A.,668399700.0,3.533453439411364,6.611999988555908
756,2016,66465.86315000092,ENAT3,476.454,Enauta Participações S.A.,257852273.0,4.699518082132301,5.329999923706055
757,2017,80928.56556496325,ENAT3,501.726,Enauta Participações S.A.,257852273.0,7.004094480529544,10.75
758,2018,102080.5965723928,ENAT3,797.204,Enauta Participações S.A.,261472777.0,12.054489793582839,9.350000381469727
759,2019,117590.67480069709,ENAT3,1111.67,Enauta Participações S.A.,262212785.0,12.916437245573592,16.0
760,2013,612206.073100748,ABEV3,35079.107,Ambev S.A.,15664279610.0,16.802227804737708,17.318405151367188
761,2014,677932.599692417,ABEV3,38079.8,Ambev S.A.,15710946507.0,16.31628296067638,16.290000915527344
762,2015,665256.748696398,ABEV3,46720.2,Ambev S.A.,15679851131.0,18.71191057344762,17.850000381469727
763,2016,661188.761516821,ABEV3,45602.6,Ambev S.A.,15699593769.0,18.548554140879926,16.399999618530273
764,2017,476574.854700056,ABEV3,47899.276,Ambev S.A.,15709048413.0,19.13996060438982,21.280000686645508
765,2018,411213.95599997404,ABEV3,50231.336,Ambev S.A.,15720176399.0,19.731673474214514,15.380000114440918
766,2019,682919.186900034,ABEV3,52005.12,Ambev S.A.,15733264356.0,18.111619401074613,18.670000076293945
767,2020,1044335.0,ABEV3,58378.995,Ambev S.A.,15733430459.0,14.067935206146858,15.649999618530273
768,2013,4256.879676687063,QUAL3,1199.534,Qualicorp Consultoria e Corretora de Seguros S.A.,266602637.0,19.635322620791772,22.5
769,2014,5699.771445801363,QUAL3,1493.014,Qualicorp Consultoria e Corretora de Seguros S.A.,273412588.0,24.179556408236103,27.469999313354492
770,2015,4452.522553734861,QUAL3,1730.159,Qualicorp Consultoria e Corretora de Seguros S.A.,272301625.0,20.63524388491623,14.130000114440918
771,2016,4910.10564274694,QUAL3,1964.404,Qualicorp Consultoria e Corretora de Seguros S.A.,275532625.0,17.403534119387707,19.25
772,2017,6098.995689807398,QUAL3,2075.289,Qualicorp Consultoria e Corretora de Seguros S.A.,285705625.0,28.362598441717193,31.0
773,2018,4893.387241356441,QUAL3,1932.124,Qualicorp Consultoria e Corretora de Seguros S.A.,282906825.0,20.31097955898363,12.890000343322754
774,2019,4292.800642613896,QUAL3,2001.326,Qualicorp Consultoria e Corretora de Seguros S.A.,281373125.0,23.472955452768428,37.099998474121094
775,2020,3232.8039999999996,QUAL3,2025.951,Qualicorp Consultoria e Corretora de Seguros S.A.,283491442.0,31.230607245132507,34.97999954223633
776,2016,40200.75760123685,ANIM3,960.434,Anima Holding S.A.,242833713.0,4.072462836422595,4.543333053588867
777,2017,50522.28124975877,ANIM3,1045.674,Anima Holding S.A.,239269746.0,6.010144055359007,9.433333396911621
778,2018,45337.777271930325,ANIM3,1102.457,Anima Holding S.A.,232896762.0,6.441115318025862,5.666666030883789
779,2019,41788.724869838654,ANIM3,1181.499,Anima Holding S.A.,237858003.0,6.77929794257469,9.930000305175781
780,2017,876207.5474988801,CRFB3,50280.0,Atacadão S.A.,1980958942.0,15.551794834626026,15.25
781,2018,816487.291002966,CRFB3,54267.0,Atacadão S.A.,1983323226.0,15.243469409553372,18.09000015258789
782,2019,773335.197871384,CRFB3,60064.0,Atacadão S.A.,1984142773.0,20.828340074794014,23.350000381469727
783,2013,16623.38947881924,BBSE3,3297.362,BB Seguridade Participações S.A.,2000000000.0,20.55704136007636,24.5
784,2014,17860.65736638408,BBSE3,4498.443,BB Seguridade Participações S.A.,1999990713.0,29.312822595719368,31.8700008392334
785,2015,9191.034208394763,BBSE3,5306.18,BB Seguridade Participações S.A.,1999977418.0,30.746707334751036,24.329999923706055
786,2016,9492.148380595905,BBSE3,5382.812,BB Seguridade Participações S.A.,1996606547.0,28.206064247223267,28.299999237060547
787,2017,7492.606847444953,BBSE3,5009.356,BB Seguridade Participações S.A.,1996596485.0,28.47228343843475,28.489999771118164
788,2018,6627.773969941485,BBSE3,4513.719,BB Seguridade Participações S.A.,1996596633.0,27.008693897480867,27.59000015258789
789,2019,5475.737042364064,BBSE3,5389.99,BB Seguridade Participações S.A.,1996601167.0,31.49834000436883,37.70000076293945
790,2020,4502.674,BBSE3,5131.769,BB Seguridade Participações S.A.,1996634681.0,28.102752994429245,29.6299991607666
791,2017,2872218.579909333,AZUL4,7704.831,Azul S.A.,333600215.0,26.342580631215085,26.899999618530273
792,2018,2647349.3572849534,AZUL4,9057.064,Azul S.A.,338166652.0,28.943346942200954,36.0
793,2019,2958707.334285336,AZUL4,11442.317,Azul S.A.,341455521.0,44.60886642517831,58.279998779296875
794,2016,49047.61847366742,SEER3,1125.38,Ser Educacional S.A.,124835744.0,13.502421158863358,17.7543888092041
795,2017,62542.850846362824,SEER3,1231.785,Ser Educacional S.A.,138434500.0,24.39597528631037,31.299999237060547
796,2018,55192.75807687259,SEER3,1262.486,Ser Educacional S.A.,131848728.0,20.041265269688196,15.550000190734863
797,2019,47456.28660666978,SEER3,1275.986,Ser Educacional S.A.,128721560.0,22.72878544919404,27.75
798,2016,1118.645777038893,WIZS3,403.747,Wiz Soluções e Corretagem de Seguros S.A.,159907282.0,12.300040176115841,13.460000038146973
799,2017,1556.785329885061,WIZS3,529.726,Wiz Soluções e Corretagem de Seguros S.A.,159907282.0,16.8511023145961,11.720000267028809
800,2018,1481.6112045300051,WIZS3,585.005,Wiz Soluções e Corretagem de Seguros S.A.,159907282.0,9.223142839937793,7.010000228881836
801,2019,1461.5059584793971,WIZS3,681.935,Wiz Soluções e Corretagem de Seguros S.A.,159907282.0,10.368299609736392,14.119999885559082
802,2020,1281.4189999999999,WIZS3,803.026,Wiz Soluções e Corretagem de Seguros S.A.,159907282.0,10.656882562135396,8.039999961853027
803,2017,52773.4772077264,BKBR3,1783.838,BK Brasil Operação e Assessoria a Restaurantes S.A.,222278169.0,17.375000190734863,17.5
804,2018,59545.309362894404,BKBR3,2348.333,BK Brasil Operação e Assessoria a Restaurantes S.A.,222525821.0,16.10195913120192,20.68000030517578
805,2019,62341.164994777595,BKBR3,2867.99,BK Brasil Operação e Assessoria a Restaurantes S.A.,226882728.0,20.306275263489017,17.780000686645508
806,2016,4096.895224579241,OFSA3,456.587,Ouro Fino Saúde Animal Participações S.A.,53949006.0,38.69804170131683,28.0
807,2017,4700.9357683121,OFSA3,505.281,Ouro Fino Saúde Animal Participações S.A.,53949006.0,25.977590361752185,24.0
808,2018,6114.04249523634,OFSA3,589.215,Ouro Fino Saúde Animal Participações S.A.,53949006.0,23.648816346149054,33.70000076293945
809,2019,5811.44179772544,OFSA3,619.585,Ouro Fino Saúde Animal Participações S.A.,53949006.0,35.74858305618348,43.0
810,2018,97388.1238414444,GNDI3,6246.352,Notre Dame Intermédica Participações S.A.,488281204.0,24.29277773464427,29.079999923706055
811,2019,131182.0459793167,GNDI3,8576.324,Notre Dame Intermédica Participações S.A.,603385083.0,44.62493927372612,68.25
812,2020,19874.64,GNDI3,10820.23,Notre Dame Intermédica Participações S.A.,609479408.0,64.91518212136953,78.33999633789062
813,2017,16273.84732372449,MOVI3,2467.983,Movida Participações S.A.,213491586.0,8.619321050523203,6.975031852722168
814,2018,14507.5375977084,MOVI3,2538.599,Movida Participações S.A.,262367514.0,7.03350543002693,8.508549690246582
815,2019,3196.062,MOVI3,3836.044,Movida Participações S.A.,297729837.0,13.682114404222743,19.1200008392334
816,2020,2362.87,MOVI3,4085.259,Movida Participações S.A.,297390809.0,16.184331986585608,20.649999618530273
817,2018,3539.690549047789,HAPV3,4788.987,Hapvida Participações e Investimentos S.A.,3359792865.0,5.452946123248803,6.239999771118164
818,2019,3743.3007632803083,HAPV3,5944.963,Hapvida Participações e Investimentos S.A.,3673262865.0,8.48706883843611,12.779999732971191
819,2020,4108.093,HAPV3,8707.184,Hapvida Participações e Investimentos S.A.,3714927250.0,12.14278543719396,15.260000228881836
820,2020,10671.67,VIVA3,1047.547,Vivara Participações S.A.,236197769.0,23.285506012951313,29.459999084472656
